# EMS MySQL Manager 2.8.5.1
# ---------------------------------------
# Host     : localhost
# Port     : 3306
# Database : vasago


SET FOREIGN_KEY_CHECKS=0;

DROP DATABASE IF EXISTS `vasago`;

CREATE DATABASE  `vasago`;

USE `vasago`;

#
# Structure for the `bancos` table : 
#

DROP TABLE IF EXISTS `bancos`;

CREATE TABLE `bancos` (
  `clave` int(1) NOT NULL auto_increment,
  `numero` varchar(30) collate latin1_spanish_ci default NULL,
  `banco` varchar(100) collate latin1_spanish_ci default NULL,
  `importeInicial` double(8,2) default NULL,
  `importeActual` double(8,2) default NULL,
  PRIMARY KEY  (`clave`)
) ENGINE=InnoDB DEFAULT CHARSET=latin1 COLLATE=latin1_spanish_ci;

#
# Structure for the `clientes` table : 
#

DROP TABLE IF EXISTS `clientes`;

CREATE TABLE `clientes` (
  `rfc` varchar(13) collate latin1_spanish_ci NOT NULL default '',
  `nombre` varchar(80) collate latin1_spanish_ci NOT NULL default '',
  `direccion` varchar(80) collate latin1_spanish_ci NOT NULL default '',
  `colonia` varchar(25) collate latin1_spanish_ci default NULL,
  `delegacion` varchar(20) collate latin1_spanish_ci default NULL,
  `cp` varchar(5) collate latin1_spanish_ci default NULL,
  `ciudad` varchar(30) collate latin1_spanish_ci default NULL,
  `tipo` int(1) default NULL,
  `tel1` varchar(20) collate latin1_spanish_ci default NULL,
  `tel2` varchar(20) collate latin1_spanish_ci default NULL,
  `fax` varchar(20) collate latin1_spanish_ci default NULL,
  `email` varchar(80) collate latin1_spanish_ci default NULL,
  `diaCierran` int(1) default NULL,
  `horaComida` varchar(20) collate latin1_spanish_ci default NULL,
  `contacto` varchar(50) collate latin1_spanish_ci default NULL,
  `credito` double(8,2) default NULL,
  `pagoA` int(2) default NULL,
  `agente` varchar(8) collate latin1_spanish_ci default NULL,
  `alta` date default NULL,
  `activo` int(1) default '1',
  `saldoDisponible` double(8,2) default NULL,
  `bloqueoXPagoV` int(1) default NULL
) ENGINE=InnoDB DEFAULT CHARSET=latin1 COLLATE=latin1_spanish_ci;

#
# Structure for the `cobros` table : 
#

DROP TABLE IF EXISTS `cobros`;

CREATE TABLE `cobros` (
  `consecutivo` int(11) NOT NULL auto_increment,
  `claveVenta` int(11) default NULL,
  `claveCliente` varchar(13) collate latin1_spanish_ci default NULL,
  `fechaCobro` date default NULL,
  `monto` double(8,2) default NULL,
  `formaPago` int(1) default NULL,
  `observaciones` varchar(255) collate latin1_spanish_ci default NULL,
  `bancoCuenta` int(1) default NULL,
  `activo` int(1) default NULL,
  PRIMARY KEY  (`consecutivo`)
) ENGINE=InnoDB DEFAULT CHARSET=latin1 COLLATE=latin1_spanish_ci;

#
# Structure for the `facturas` table : 
#

DROP TABLE IF EXISTS `facturas`;

CREATE TABLE `facturas` (
  `Clave_Orden` int(11) default NULL,
  `factura` varchar(11) collate latin1_spanish_ci default NULL,
  `fecha_factura` date default NULL
) ENGINE=InnoDB DEFAULT CHARSET=latin1 COLLATE=latin1_spanish_ci;

#
# Structure for the `gastos` table : 
#

DROP TABLE IF EXISTS `gastos`;

CREATE TABLE `gastos` (
  `clave` int(8) NOT NULL auto_increment,
  `bancoCuenta` int(1) default NULL,
  `fecha` date default NULL,
  `concepto` varchar(100) collate latin1_spanish_ci default NULL,
  `importe` double(8,2) default NULL,
  `activo` int(1) default NULL,
  PRIMARY KEY  (`clave`)
) ENGINE=InnoDB DEFAULT CHARSET=latin1 COLLATE=latin1_spanish_ci;

#
# Structure for the `ingresos` table : 
#

DROP TABLE IF EXISTS `ingresos`;

CREATE TABLE `ingresos` (
  `clave` int(8) NOT NULL auto_increment,
  `bancoCuenta` int(1) default NULL,
  `fecha` date default NULL,
  `concepto` varchar(100) collate latin1_spanish_ci default NULL,
  `importe` double(8,2) default NULL,
  `activo` int(1) default NULL,
  PRIMARY KEY  (`clave`)
) ENGINE=InnoDB DEFAULT CHARSET=latin1 COLLATE=latin1_spanish_ci;

#
# Structure for the `linea` table : 
#

DROP TABLE IF EXISTS `linea`;

CREATE TABLE `linea` (
  `clave` char(3) collate latin1_spanish_ci default NULL,
  `nombre` varchar(20) collate latin1_spanish_ci default NULL
) ENGINE=InnoDB DEFAULT CHARSET=latin1 COLLATE=latin1_spanish_ci;

#
# Structure for the `marca` table : 
#

DROP TABLE IF EXISTS `marca`;

CREATE TABLE `marca` (
  `clave` char(3) collate latin1_spanish_ci default NULL,
  `nombre` varchar(40) collate latin1_spanish_ci default NULL
) ENGINE=InnoDB DEFAULT CHARSET=latin1 COLLATE=latin1_spanish_ci;

#
# Structure for the `mermas` table : 
#

DROP TABLE IF EXISTS `mermas`;

CREATE TABLE `mermas` (
  `claveProducto` varchar(10) collate latin1_spanish_ci default NULL,
  `cantidad` double(8,3) default NULL,
  `fecha` date default NULL,
  `tipo` int(1) default NULL
) ENGINE=InnoDB DEFAULT CHARSET=latin1 COLLATE=latin1_spanish_ci;

#
# Structure for the `orden_compra` table : 
#

DROP TABLE IF EXISTS `orden_compra`;

CREATE TABLE `orden_compra` (
  `claveOrden` int(11) NOT NULL auto_increment,
  `claveProveedor` varchar(13) collate latin1_spanish_ci default NULL,
  `fecha` date default NULL,
  `fechaEntrega` date default NULL,
  `observaciones` varchar(250) collate latin1_spanish_ci default NULL,
  `descuento1` double(4,2) default NULL,
  `descuento2` double(4,2) default NULL,
  `descuento3` double(4,2) default NULL,
  `subtotal` double(8,2) default NULL,
  `descuento` double(8,2) default NULL,
  `iva` double(8,2) default NULL,
  `total` double(8,2) default NULL,
  `activo` int(1) default NULL,
  `factura` varchar(11) collate latin1_spanish_ci default NULL,
  `Entrega` int(1) default NULL,
  `usuario` varchar(8) collate latin1_spanish_ci default NULL,
  `pago` int(1) default NULL,
  PRIMARY KEY  (`claveOrden`)
) ENGINE=InnoDB DEFAULT CHARSET=latin1 COLLATE=latin1_spanish_ci;

#
# Structure for the `pagos` table : 
#

DROP TABLE IF EXISTS `pagos`;

CREATE TABLE `pagos` (
  `consecutivo` int(11) NOT NULL auto_increment,
  `claveOrden` int(11) default NULL,
  `claveProveedor` varchar(13) collate latin1_spanish_ci default NULL,
  `fechaPago` date default NULL,
  `monto` double(8,2) default NULL,
  `formaPago` int(1) default NULL,
  `numeroCheque` int(11) default NULL,
  `bancoCuenta` int(1) default NULL,
  `activo` int(1) default NULL,
  PRIMARY KEY  (`consecutivo`)
) ENGINE=InnoDB DEFAULT CHARSET=latin1 COLLATE=latin1_spanish_ci COMMENT='InnoDB free: 11264 kB';

#
# Structure for the `precio_anterior_producto` table : 
#

DROP TABLE IF EXISTS `precio_anterior_producto`;

CREATE TABLE `precio_anterior_producto` (
  `claveProducto` varchar(10) collate latin1_spanish_ci default NULL,
  `claveOrden` int(11) default NULL,
  `precioAnterior` double(8,2) default NULL,
  `precioCompra` double(8,2) default NULL
) ENGINE=InnoDB DEFAULT CHARSET=latin1 COLLATE=latin1_spanish_ci;

#
# Structure for the `producto_obsequio` table : 
#

DROP TABLE IF EXISTS `producto_obsequio`;

CREATE TABLE `producto_obsequio` (
  `claveproducto` varchar(10) collate latin1_spanish_ci NOT NULL default '',
  `existencia` double(8,3) default NULL,
  PRIMARY KEY  (`claveproducto`),
  UNIQUE KEY `field1` (`claveproducto`)
) ENGINE=InnoDB DEFAULT CHARSET=latin1 COLLATE=latin1_spanish_ci;

#
# Structure for the `productos` table : 
#

DROP TABLE IF EXISTS `productos`;

CREATE TABLE `productos` (
  `claveProducto` varchar(10) collate latin1_spanish_ci default NULL,
  `linea` char(3) collate latin1_spanish_ci default NULL,
  `marca` char(3) collate latin1_spanish_ci default NULL,
  `tipo` int(1) default '1',
  `proveedor1` varchar(13) collate latin1_spanish_ci default NULL,
  `proveedor2` varchar(13) collate latin1_spanish_ci default NULL,
  `proveedor3` varchar(13) collate latin1_spanish_ci default NULL,
  `proveedor4` varchar(13) collate latin1_spanish_ci default NULL,
  `proveedor5` varchar(13) collate latin1_spanish_ci default NULL,
  `descripcion` varchar(100) collate latin1_spanish_ci default NULL,
  `costo` double(8,2) default NULL,
  `precio1` double(8,2) default NULL,
  `precio2` double(8,2) default NULL,
  `precio3` double(8,2) default NULL,
  `precio4` double(8,2) default NULL,
  `precio5` double(8,2) default NULL,
  `maximo` double(8,3) default NULL,
  `minimo` double(8,3) default NULL,
  `existencia` double(8,3) default NULL,
  `piezasXcaja` double(6,3) default NULL,
  `activo` int(1) default NULL,
  `iva` int(1) default NULL
) ENGINE=InnoDB DEFAULT CHARSET=latin1 COLLATE=latin1_spanish_ci COMMENT='InnoDB free: 11264 kB';

#
# Structure for the `productos_orden` table : 
#

DROP TABLE IF EXISTS `productos_orden`;

CREATE TABLE `productos_orden` (
  `ClaveOrden` int(11) default NULL,
  `ClaveProducto` varchar(12) collate latin1_spanish_ci default NULL,
  `Cantidad` double(8,3) default NULL,
  `Costo` double(8,2) default NULL,
  `Importe` double(8,2) default NULL,
  `Llegan` double(8,3) default NULL
) ENGINE=InnoDB DEFAULT CHARSET=latin1 COLLATE=latin1_spanish_ci COMMENT='InnoDB free: 11264 kB';

#
# Structure for the `productos_venta` table : 
#

DROP TABLE IF EXISTS `productos_venta`;

CREATE TABLE `productos_venta` (
  `claveVenta` int(11) default NULL,
  `ClaveProducto` varchar(12) collate latin1_spanish_ci default NULL,
  `Cantidad` double(8,3) default NULL,
  `Costo` double(8,2) default NULL,
  `Importe` double(8,2) default NULL,
  `Llegan` double(8,3) default NULL
) ENGINE=InnoDB DEFAULT CHARSET=latin1 COLLATE=latin1_spanish_ci;

#
# Structure for the `proveedores` table : 
#

DROP TABLE IF EXISTS `proveedores`;

CREATE TABLE `proveedores` (
  `rfc` varchar(13) collate latin1_spanish_ci default NULL,
  `nombre` varchar(100) collate latin1_spanish_ci default NULL,
  `direccion` varchar(50) collate latin1_spanish_ci default NULL,
  `colonia` varchar(25) collate latin1_spanish_ci default NULL,
  `delegacion` varchar(20) collate latin1_spanish_ci default NULL,
  `cp` varchar(5) collate latin1_spanish_ci default NULL,
  `ciudad` varchar(30) collate latin1_spanish_ci default NULL,
  `tel1` varchar(20) collate latin1_spanish_ci default NULL,
  `tel2` varchar(20) collate latin1_spanish_ci default NULL,
  `fax` varchar(20) collate latin1_spanish_ci default NULL,
  `pagina` varchar(100) collate latin1_spanish_ci default NULL,
  `email` varchar(80) collate latin1_spanish_ci default NULL,
  `vendedor` varchar(50) collate latin1_spanish_ci default NULL,
  `formaPago` int(1) default NULL,
  `cuentas` text collate latin1_spanish_ci,
  `credito` double(8,2) default NULL,
  `diasPago` int(3) default NULL,
  `descuento1` double(8,2) default NULL,
  `descuento2` double(8,2) default NULL,
  `descuento3` double(8,2) default NULL,
  `saldoDisponible` double(8,2) default NULL,
  `alta` date default NULL,
  `activo` int(1) default NULL
) ENGINE=InnoDB DEFAULT CHARSET=latin1 COLLATE=latin1_spanish_ci;

#
# Structure for the `regalos_extras` table : 
#

DROP TABLE IF EXISTS `regalos_extras`;

CREATE TABLE `regalos_extras` (
  `ClaveOrden` int(11) default NULL,
  `ClaveProducto` varchar(12) collate latin1_spanish_ci default NULL,
  `Cantidad` double(8,3) default NULL,
  `Llego` double(8,3) default NULL
) ENGINE=InnoDB DEFAULT CHARSET=latin1 COLLATE=latin1_spanish_ci;

#
# Structure for the `regalos_venta` table : 
#

DROP TABLE IF EXISTS `regalos_venta`;

CREATE TABLE `regalos_venta` (
  `claveVenta` int(11) default NULL,
  `ClaveProducto` varchar(12) collate latin1_spanish_ci default NULL,
  `Cantidad` double(8,3) default NULL,
  `Llego` double(8,3) default NULL
) ENGINE=InnoDB DEFAULT CHARSET=latin1 COLLATE=latin1_spanish_ci;

#
# Structure for the `tempprodob` table : 
#

DROP TABLE IF EXISTS `tempprodob`;

CREATE TABLE `tempprodob` (
  `claveOrden` int(11) default NULL,
  `claveProducto` varchar(10) collate latin1_spanish_ci default NULL,
  `cantidad` double(8,3) default NULL
) ENGINE=InnoDB DEFAULT CHARSET=latin1 COLLATE=latin1_spanish_ci;

#
# Structure for the `usuarios` table : 
#

DROP TABLE IF EXISTS `usuarios`;

CREATE TABLE `usuarios` (
  `ClaveU` varchar(8) collate latin1_spanish_ci NOT NULL default '',
  `Contrasena` varchar(8) collate latin1_spanish_ci NOT NULL default '',
  `Tipo` varchar(8) collate latin1_spanish_ci default NULL,
  `Nombre` varchar(30) collate latin1_spanish_ci default NULL,
  `APaterno` varchar(30) collate latin1_spanish_ci default NULL,
  `AMaterno` varchar(30) collate latin1_spanish_ci default NULL,
  `Puesto` varchar(30) collate latin1_spanish_ci default NULL,
  `Area` varchar(30) collate latin1_spanish_ci default NULL,
  `Estatus` char(1) collate latin1_spanish_ci default NULL,
  PRIMARY KEY  (`ClaveU`),
  UNIQUE KEY `ClaveU` (`ClaveU`)
) ENGINE=InnoDB DEFAULT CHARSET=latin1 COLLATE=latin1_spanish_ci;

#
# Structure for the `ventas` table : 
#

DROP TABLE IF EXISTS `ventas`;

CREATE TABLE `ventas` (
  `claveVenta` int(11) NOT NULL auto_increment,
  `claveCliente` varchar(13) collate latin1_spanish_ci default NULL,
  `fechaAlta` date default NULL,
  `fechaEntrega` date default NULL,
  `observaciones` varchar(250) collate latin1_spanish_ci default NULL,
  `subtotal` double(8,2) default NULL,
  `iva` double(8,2) default NULL,
  `total` double(8,2) default NULL,
  `activo` int(1) default NULL,
  `tipo` int(1) default NULL,
  `factura` varchar(11) collate latin1_spanish_ci default NULL,
  `remision` int(11) default NULL,
  `Entrega` int(1) default NULL,
  `usuario` varchar(8) collate latin1_spanish_ci default NULL,
  `pago` int(1) default NULL,
  `repartidor` varchar(8) collate latin1_spanish_ci default NULL,
  PRIMARY KEY  (`claveVenta`)
) ENGINE=InnoDB DEFAULT CHARSET=latin1 COLLATE=latin1_spanish_ci;

#
# Data for the `clientes` table  (LIMIT 0,500)
#

# rfc:253:1
# nombre:253:1
# direccion:253:1
# colonia:253:0
# delegacion:253:0
# cp:253:0
# ciudad:253:0
# tipo:3:32768
# tel1:253:0
# tel2:253:0
# fax:253:0
# email:253:0
# diaCierran:3:32768
# horaComida:253:0
# contacto:253:0
# credito:5:32768
# pagoA:3:32768
# agente:253:0
# alta:10:128
# activo:3:32768
# saldoDisponible:5:32768
# bloqueoXPagoV:3:32768

INSERT INTO `clientes` (`rfc`, `nombre`, `direccion`, `colonia`, `delegacion`, `cp`, `ciudad`, `tipo`, `tel1`, `tel2`, `fax`, `email`, `diaCierran`, `horaComida`, `contacto`, `credito`, `pagoA`, `agente`, `alta`, `activo`, `saldoDisponible`, `bloqueoXPagoV`) VALUES 
  ('MAPV601008RTA','Maldonado Villegas Patricia','Calle Canal de Apatlaco # G-75','Ejidos Del Moral','Iztapalapa','09040','Mexico D.F.',1,'56409887','','','',1,'','Rene Espinoza',0.00,0,'Piero','2006-06-07',0,0.00,0),
  ('DCN-040210NJO','Dinamica Comercial Nueva Orizaba S.A de C.V','Zona 1 Sector 1 Nave 1 bodega G 67 y 69','Ejidos del Moral','Iztapalapa','09040','Mexico D.F.',2,'5694 2043','','','',7,'','Jose Luis Hernandez Saavedra',100000.00,10,'CHAVA','2006-06-07',0,100000.00,0),
  ('CLA-830615UC2','Comercializadora de Lacteos S.A de C.V.','Central de Abasto Iztapalapa G 93-95','Ejidos del Moral','Iztapalapa','09040','Mexico D.F.',3,'5694-1421','','','',7,'','Socorro  y  Federico',80000.00,6,'Piero','2006-06-07',0,80000.00,0),
  ('DCC-040210C48','Dinamica Comercial Central  S.A de C.V','Zona 1 Sector 1 Crujia 2 Local 118  CEDA','Ejidos del Moral','Iztapalapa','09040','Mexico D.F',2,'','','','',7,'','Sergio  y  Alejandro',50000.00,10,'Piero','2006-06-07',0,50000.00,0),
  ('RARR7404053M1','Ramirez Rodriguez Roberto','Pasillo i j  Bodega 46','Ejidos del Moral','Iztapalapa','09310','Mexico D.F.',1,'5640-9230','','','',7,'','Roberto y Arturo',80000.00,10,'Piero1','2006-06-07',1,76550.00,0),
  ('GAAY8110197E3','Garcia Almanza Yashira Tahide','Andador el condor Mz N Lote 8','Heroes de Chapultepec','Gustavo A Madero','07930','Mexico D.F.',2,'5547-6693','','','',7,'','Isrrael y Arturo Garcia',40000.00,5,'Piero1','2006-06-07',1,40000.00,0),
  ('TEX931122JL3','La Texana S.A.de C.V','Central de Abasto Bodega H 52-H 54.','Aculco','Iztapalapa','09410','Mexico Distrito Federal.',3,'5600-2034','','','',7,'','Alejandro Bolanos y Alfredo Carreon',150000.00,10,'Piero1','2006-06-07',1,78727.00,0),
  ('CTC900503Q24','Cremeria Teresita de Central de Abasto S.A de C.V.','Zona 1 Sector 1 Nave1 Bodega G 39 y G 41','Central de Abastos','Iztapalapa','09040','Mexico D.F',1,'','','','',7,'','Tomas y Sergio',250000.00,5,'Piero1','2006-06-07',1,222915.00,0),
  ('DCC040210C48','Dinamica Comercial Central S.A de C.V','Zona 1 Sector 1 Crujia 2 Local 118','Ejidos del Moral','Iztapalapa','09040','Mexico D.F.',2,'','','','',7,'','Sergio  y Alejandro',80000.00,15,'Piero1','2006-06-07',1,80000.00,0),
  ('CLA830615UC2','Comercializadora De Lacteos S.A de C.V','Bodega G-93-95 Central de Abasto','Ejidos del Moral','Iztapalapa','09040','Mexico D.F.',1,'5694 1421','','','',7,'','Socorro y Federico',80000.00,10,'CHAVA','2006-06-07',1,48753.00,0),
  ('CSC880523NA1','Cremeria y Salchichoneria Cuadritos S.A de C. V.','Pasillo 2 Locs. 110 110A 112 114 116 letra G-H','Aculco','Iztapalapa','09040','Mexico D.F.',1,'','','','',7,'','Raul y David',200000.00,5,'CHAVA','2006-06-07',1,185250.00,0),
  ('MAVP601008RTA','Maldonado Villegas Patricia','Calle Canal de Apatlaco G75','Ejidos del Moral','Iztapalapa','09040','Mexico D.F.',1,'5640 9887','','','',7,'','Rene  Espinoza',150000.00,15,'Piero1','2006-06-07',1,55833.00,0),
  ('LSF050118U75','Lacteos San Fransisco de Asis S.de R.L de C.V','Canal de Apatlaco Zona 1 Sector 1 Nave 1 Bod. G3','Central de Abasto','Iztapalapa','09040','Mexico D.F',1,'5694 2235','','','',7,'','Chucho y Luis',100000.00,10,'Piero1','2006-06-07',1,81301.00,0),
  ('CSL0309122V5','Cremeria y Salchichoneria Lichus S.A. de C.V.','Bodega 58-59 Zona 1 Sector 1 Nave 3','Central de Abasto','iztapalapa','09040','Mexico D.F.',3,'','','','',7,'','Fausto y el Abuelo',70000.00,10,'CHAVA','2006-06-07',1,56097.00,0),
  ('DCP040210S26','Dinamica Comercial Pastora s.a de C.V.','Pasillo 3 Local 52-53','ejidos del Moral','iztapalapa','09040','Mexico D.F.',2,'5694-3388','','','',7,'','Victor y Sergio',150000.00,15,'Piero','2006-06-07',0,150000.00,0),
  ('AEVJ741206QJ3','Avendano Villegas Jaime','Av.606-101 Agrup.A. Casa #56','San Juan de Aragon','Gustvo A. Madero','07950','Mexico D.F.',1,'','','','',7,'','Jaime',0.00,5,'Piero1','2006-06-08',1,0.00,0),
  ('CSJ871008UQ4','Cremeria San Jose  S.A .de C.V.','Bodega G 79 Central de Abasto','Ejidos del Moral','Iztapalapa','09040','Mexico D.F.',1,'','','','',7,'','Don Poncho  y  Jose Castillo',50000.00,7,'Piero1','2006-06-08',1,50000.00,0),
  ('FAVA670829598','Favian Veibar Artemio','Local G 50 Pasillo 3','Ejidos del Moral','Iztapalapa','09040','Mexico D.F.',1,'56941403','','','',7,'','artemio y Ismael',50000.00,15,'Piero1','2006-06-08',1,50000.00,0),
  ('CSS850907851','Cremeria Y Salchichoneria La Suiza S.A.de C.V','Bodega G7 y G9 ZNA1 SEC1 NVE1','Central de Abasto','Iztapalapa','09040','Mexico D.F.',1,'56007583','','','',7,'','Celso y Lucio',80000.00,7,'CHAVA','2006-06-08',1,52377.00,0),
  ('CME9109236F1','Cotija Mercantil S.A deC.V','Zona 1 Sector 1 Nave 2 Bodega G 83','Ejidos del Moral','Iztapalapa','09040','Mexico D.F.',1,'5694 1448','','','',7,'','Fransisco y Miguel de la Parra',50000.00,8,'CHAVA','2006-06-08',1,50000.00,0),
  ('PAPE720521P11','De La Parra Portocarrero Elsa','G H 81 y 83','Central de Abasto','Iztapalapa','09040','Mexico D.F.',1,'56943066','','','',7,'','Pablo y Francisco',80000.00,8,'CHAVA','2006-06-08',1,79215.00,0),
  ('DPL871024KN8','Distribuidora de Productos Lacteos Chiluca S.A. de C.V.','Bodega G91 CEDA','Ejidos del Moral','Iztapalapa','09040','Mexico D.F.',1,'','','','',7,'','Rafa y Alfredo',50000.00,3,'Piero1','2006-06-08',1,50000.00,0),
  ('DCH040220NMA','Dinamica Comercial Higuera S.A de C.V.','Bodega H 52 Central de Abasto','Ejidos del Moral','Iztapalapa','09040','Mexico D.F.',2,'5600 6809','','','',7,'','Leonardo yMonica',30000.00,15,'Piero1','2006-06-08',1,19370.00,0),
  ('HESJ501028FJ3','Jose Hernandez Saavedra','Bodega G 51 ZNA1SEC1NVE2','Ejidos del Moral','Iztapalapa','09040','Mexico D.F.',1,'56942875','','','',7,'','Juan',60000.00,8,'CHAVA','2006-06-08',1,51683.50,0),
  ('CSH870328B82','Cremeria y Salchichoneria la Holandesa S.A de C.V.','Bodega G 5 Central de Abasto','Ejidos del Moral','Iztapalapa','09030','Mexico D.F',1,'5694 0823','','','',7,'','Gerarado y Enrique',100000.00,5,'CHAVA','2006-06-08',1,100000.00,0),
  ('HESJ440722S33','Jorge Hernandez Saavedra','P 1 Loc 29 A  CEDA','Aculco','Iztapalapa','09040','Mexico D.F.',1,'56942100','','','',7,'','Primo y Luis',100000.00,15,'CHAVA','2006-06-08',1,-508.70,0),
  ('AAGF740817Q38','Fransisco Salvador Alvares del Castillo Gudiño','Bodega G 19 Central de Abasto','Ejidos del Moral','Iztapalapa','09030','Mexico D.F.',2,'','','','',7,'','Paco y Hugo',60000.00,8,'Piero1','2006-06-08',1,19149.00,0),
  ('AAEF660414AJ1','Fernando Amador Espejo','Bodega G 79 A CEDA Iztapalapa','Ejidos del Moral','Iztapalapa','09030','Mexico D.F.',1,'56941397','','','',7,'','Luis y Alejandro',25000.00,3,'Piero1','2006-06-08',1,25000.00,0),
  ('DLE920309PEO','Distribuidora de Lacteos y Embutidos El Zarco','Pasillo 2 Local F 85','Ejidos del Moral','Iztapalapa','09040','Mexico D.F',1,'','','','',7,'','Gerardo y Roberto',25000.00,0,'CHAVA','2006-06-08',1,25000.00,0),
  ('CDO9612105D9','Comercializadora el Dorado S.A. de C.V.','Bodega G 21 CEDA','Ejidos del Moral','Iztapalapa','09040',' Mexico D.F.',1,'','','','',7,'','Hazan',10000.00,3,'Piero1','2006-06-08',1,10000.00,0),
  ('AARZ770413CVA','Alcala Rivera Zeuz Avelino Baltazar','Zona1 Sector1 Nave 2 Bodega G 55','Urbana Ejidal','Iztapalapa','09040','Mexico D.F',1,'','','','',7,'','Alcala  y  Zeuz',30000.00,8,'CHAVA','2006-06-08',1,30000.00,0),
  ('DCP000926455','Dinamica Comercial El Pato S.A de C.V.','Pas 2 Loc 138 entre I-J y G -H','Ejidos del Moral','Iztapalapa','09040','Mexico D.F.',1,'','','','',7,'','Jaime',15000.00,7,'CHAVA','2006-06-08',1,15000.00,0),
  ('CAS020724SE8','Consorcio de Alimentos san Salvador S.A. de C.V.','Pasillo 4 Anden I-J Local 133','Ejidos del Moral','Iztapalapa','09040','Mexico D.F',1,'','','','',7,'','Camaron y Tono',60000.00,15,'CHAVA','2006-06-08',1,60000.00,0),
  ('RAPC670202135','Candelario Ramirez Pozos','Pasillo 3 E 32','Ejidos del Moral','Iztapalapa','09040','Mexico D.F.',1,'5694 8759','','','',7,'','Candido y Ana',150000.00,0,'piero 2','2006-06-08',1,150000.00,0),
  ('RAPC670202','Candelario Ramirez Pozos','Pasillo 3 Local E 32','Ejidos del Moral','Iztapalapa','09040','Mexico D.F.',1,'5694 8759','','','',7,'','',150000.00,15,'Piero','2006-06-08',0,150000.00,0),
  ('EDE0402134B7','Especialidades Deli S.A. de C.V.','Circuito F y L Pasillo 4 Crujia 1 Loc. 137-139','Ejidos del Moral','Iztapalapa','09040','Mexico D.F.',1,'5694 3118','','','',7,'','Pancho  y  Yair',80000.00,10,'CHAVA','2006-06-08',1,80000.00,0),
  ('JUPF7706198H0','Flor de Maria Juarez Paredes','Local 51 Pasillo 1 y 3','Ejidos del Moral','Iztapalapa','09040','Mexico D.F.',1,'5694 2403','','','',7,'','Tono y Beto',80000.00,15,'Piero1','2006-06-08',1,80000.00,0),
  ('Ramirez','Ramirez','central de abasto','ejidos del moral','iztapalapa','09040','Mexico D.F.',1,'5640 9230','','','',7,'','',80000.00,8,'Piero1','2006-06-14',1,25323.00,0),
  ('Teresita','Teresita','G 41','CEDA','iztapalapa','09040','Mexico D.F.',1,'','','','',7,'','Tomas',200000.00,8,'Piero1','2006-06-14',1,193100.00,0),
  ('Marga','Marga','G 15','CEDA','iztapalapa','09040','Mexico D.F.',1,'','','','',7,'','Tomas',100000.00,8,'CHAVA','2006-06-14',1,100000.00,0),
  ('Rigo','Rigo','G 1','CEDA','iztapalapa','09040','Mexico D.F.',1,'56407354','','','',7,'','Rigo',10000.00,3,'Piero1','2006-06-14',1,410.00,0),
  ('Union','Union',' Pasillo 1 Local 3','CEDA','iztapalapa','09040','Mexico D.F.',1,'56009947','','','',7,'','Nicolas',50000.00,15,'Piero1','2006-06-14',1,-5225.30,0),
  ('Chucho','Chucho','G 3','CEDA','Iztapalapa','09040','Mexico D.f.',1,'','','','',7,'','Chucho',50000.00,8,'CHAVA','2006-06-14',1,29611.00,0),
  ('Tapatio','Tapatio','G 15','CEDA','Iztapalapa','09040','Mexico D.F',1,'56407036','','','',7,'','Felipe',20000.00,5,'Piero1','2006-06-14',1,18892.00,0),
  ('Gea','Gea','G 19','CEDA','Iztapalapa','09030','Mexico D:F',1,'','','','',7,'','',50000.00,8,'Piero1','2006-06-14',1,50000.00,0),
  ('Normita','Normita','G 43','CEDA','Iztapalapa','09040','Mexico D:F.',1,'56948789','','','',7,'','Claudio',50000.00,5,'Piero1','2006-06-14',1,35762.20,0),
  ('Texana','Texana','H 52-54','Aculco','Iztapalapa','09410','Mexico D.F',1,'5600 2034','','','',7,'','Alfredo y  Alejandro',20000.00,8,'Piero1','2006-06-14',1,20000.00,0),
  ('Vanguardia','Vanguardia','G 61','CEDA','Iztapalapa','09040','Mexico D:F.',1,'5694 1459','','','',7,'','',40000.00,5,'CHAVA','2006-06-14',1,40000.00,0),
  ('Ranchito','Ranchito','G 79','CEDA','Iztapalapa','09040','Mexico D.F',1,'5694 1397','','','',7,'','Luis y Alejandro',25000.00,8,'Piero1','2006-06-14',1,1542.80,0),
  ('Especial','Especial','G 77','CEDA','Iztapalapa','09040','Mexico D.F.',1,'5694 4692','','','',7,'','Ulises',150000.00,15,'Piero1','2006-06-14',1,53546.00,0),
  ('D`MargònZ','D`MargònZ','Local 51','CEDA','Iztapalapa','09040','Mexico D.F',1,'5694 2403','','','',7,'','Toño',40000.00,15,'Piero1','2006-06-14',1,40000.00,0),
  ('LA GUERA','LA GUERA','Pasillo 3 Loc. 50 G-H','CEDA','Iztapalapa','09040','Mexico D.F',1,'56941403','','','',7,'','Artemio',40000.00,15,'Piero','2006-06-14',0,40000.00,0),
  ('CHILUCA','CHILUCA','G 91','CEDA','Iztapalapa','09040','Mexico D.F.',1,'','','','',7,'','Rafael',40000.00,3,'Piero1','2006-06-14',1,40000.00,0),
  ('Josè Manuel','Josè Manuel','G 87','CEDA','Iztapalapa','09040','Mexico D.F.',1,'','','','',7,'','Josè Manuel',70000.00,15,'Piero1','2006-06-14',1,-5931.00,0),
  ('SURTIDOR','SURTIDOR','Pasillo 3 Loc 25','CEDA','Iztapalapa','09040','Mexico D.F.',1,'56002097','','','',7,'','Jose y Beto',70000.00,15,'Piero','2006-06-14',0,37141.50,0),
  ('Nueva Merced','Nueva Merced','Pasillo 3 Local 30','CEDA','Iztapalapa','09040','Mexico D.f',1,'','','','',7,'','Puebla',20000.00,3,'Piero1','2006-06-14',1,20000.00,0),
  ('ESPERANZA','ESPERANZA','Pasillo  3 Loc','CEDA','Iztapalapa','09040','Mexico D.F.',1,'56940435','','','',7,'','Pedro y Juana',130000.00,15,'Piero','2006-06-14',0,67500.40,0),
  ('Retoño','Retoño',' E 32 Pasillo 3','CEDA','Iztapalapa','09040','Mexico D.F.',1,'5694 8759','','','',7,'','Candido',150000.00,15,'Piero1','2006-06-14',1,85803.00,0),
  ('L # 45','L # 45',' Pasillo 3 Loc. 45','CEDA','Iatapalapa','09040','Mexico D.F.',1,'','','','',7,'','Sr. Jose',50000.00,15,'Piero1','2006-06-14',1,50000.00,0),
  ('Ruiseñor','Ruiseñor','Pasillo 3 Local  25','CEDA','Iztapalapa','09040','Mexico D.F.',1,'5694 7263','','','',7,'','Bertha',20000.00,6,'Piero1','2006-06-14',1,160.60,0),
  ('Esperanza','Esperanza','Pasillo 3 Loc','CEDA','Iztapalapa','09040','Mexico D.F.',1,'56940435','','','',7,'','Pedro y Juana',130000.00,15,'Piero1','2006-06-14',1,67500.40,0),
  ('Retoñito','Retoñito','Pasillo 3 Local 80','CEDA','Iztapalapa','09040','Mexico D.F.',1,'5600 2607','','','',7,'','Rosa y Osbelia',150000.00,15,'CHAVA','2006-06-14',1,94355.60,0),
  ('Surtidor','Surtidor','Pasillo 3 Loc.','CEDA','Iztapalapa','09040','Mexico. D.F.',1,'56002097','','','',7,'','Jose y Beto',70000.00,15,'Piero1','2006-06-14',1,37141.50,0),
  ('Yoely','Yoely','Pasillo 3 Local 78','CEDA','Iztapalapa','09040','Mexico D.F.',1,'','','','',7,'','Alma y Elizabeth',50000.00,15,'CHAVA','2006-06-14',1,34219.50,0),
  ('La Guera','La Guera','Pasillo 3 Loc 50 G-H','CEDA','Iztapalapa','09040','Mexico D.F.',1,'56941403','','','',7,'','Artemio',40000.00,15,'Piero1','2006-06-14',1,40000.00,0),
  ('Lupita','Lupita','Pasillo 4  Local 124','CEDA','Iztapalapa','09040','Mexico D.F.',1,'5694 3118','','','',7,'','Panchito',70000.00,10,'CHAVA','2006-06-14',1,34327.00,0),
  ('Super Palmas','Super Palmas','Pasillo I-J Loc','CEDA','Iztapalapa','09040','Mexico D.F.',1,'','','','',7,'','Meliton',30000.00,8,'CHAVA','2006-06-14',1,7561.50,0),
  ('Erik','Erik','I - J','CEDA','Iztapalapa','09040','Mexico D.F.',1,'','','','',7,'','Erik',2000.00,3,'CHAVA','2006-06-19',1,2000.00,0),
  ('Bonanza','Bonanza','i - j  pasillo 5','CEDA','Iztapalapa','09040','Mexico D.F',1,'','','','',7,'','Memo y Ivan',30000.00,5,'CHAVA','2006-06-19',1,30000.00,0),
  ('Max','Max','I-61  entre pasillo 2 y 3','CEDA','Iztapalapa','09040','Mexico D.F.',1,'','','','',7,'','Max',5000.00,2,'Piero1','2006-06-19',1,5000.00,0),
  ('Laura','Laura','Pasillo 1  g-h','CEDA','Iztapalapa','09040','Mexico D.F',3,'','','','',7,'','Alfredo',40000.00,8,'CHAVA','2006-06-19',1,25493.80,0),
  ('Perico','Perico','Av. Riva Palacio','Neza','Neza','000','Mexico D.F.',3,'','','','',7,'','Pedro',10000.00,10,'Piero1','2006-06-19',1,10000.00,0),
  ('Rosa de oro','Rosa de oro','Pasillo 1 g-h','CEDA','Iztapalapa','09040','Mexico D.F.',5,'5694 8111','','','',7,'','Javier',20000.00,8,'CHAVA','2006-06-19',1,13272.80,0),
  ('Juan Munoz','Juan Munoz','Chalco','Chalco','Edo.Mex.','000','Edo. Mex.',1,'59751692','','','',7,'','Juan Munoz',40000.00,6,'Piero1','2006-06-19',1,17041.00,0),
  ('Palomas','Palomas','E- F Pasillo 2','CEDA','Iztapalapa','09040','Mexico D.F.',3,'5694 6529','','','',7,'','Beto',50000.00,8,'Piero1','2006-06-19',1,6300.00,0),
  ('Alfredo','Alfredo','Altamirano Guerrero','Altamirano Guerrero','Guerrero','000','Guerrero',3,'0176 76726774','','','',7,'','Alfredo',40000.00,5,'Piero1','2006-06-19',1,34362.00,0),
  ('Jorge Montoya','Jorge Montoya','Neza','Neza','Edo. Mexico','000','Edo. Mexico.',3,'','','','',7,'','Jorge Montoya',15000.00,10,'Piero1','2006-06-19',1,15000.00,0),
  ('Barca','Barca','O-P  Pasillo 3','CEDA','Iztapalapa','09040','Mexico D.F.',3,'5694 5586','','','',7,'','Josè Luis',15000.00,3,'Piero1','2006-06-19',1,-1682.00,0),
  ('Trinidad','Jose Trinidad','Tlaxcala','Tlaxcala','Tlaxcala','000','Tlaxcala',3,'','','','',7,'','Jose Trinidad',40000.00,3,'Piero1','2006-06-19',1,40000.00,0),
  ('Juan Zepeda','Juan Zepeda','I-61','CEDA','Iztapalapa','09040','Mexico D.F.',1,'','','','',7,'','Juan Zepada',1000.00,2,'Piero1','2006-06-19',1,1000.00,0),
  ('Rojas','Rojas','Pasillo 3   I-J','Ceda','Iztapalapa','09040','Mexico D.F',3,'','','','',7,'','Rojas',1000.00,0,'Piero1','2006-06-19',1,1000.00,0),
  ('Nochistlan','Nochistlan','O -P Pasillo 3','CEDA','Iztapalapa','09040','Mexico D.F',5,'','','','',7,'','Nochistlan',1000.00,0,'Piero1','2006-06-19',1,1000.00,0),
  ('El Pico de O','El Pico De Orizaba','S-T  Pasillo 4','Ceda','Iztapalapa','09040','Mexico D.F.',3,'','','','',7,'','',5000.00,0,'Piero1','2006-06-19',1,5000.00,0),
  ('Yony','Yony','Neza','Neza','Neza','000','Mexico D.F.',3,'','','','',7,'','Yony',2000.00,0,'Piero1','2006-06-19',1,2000.00,0),
  ('Mundo','Mundo','Calpulalpan','Calpulalpan','Calpulalpan','000','Calpulalpan',3,'','','','',7,'','Mundo',10000.00,10,'Piero1','2006-06-19',1,4648.00,0),
  ('Paty','Paty','Calpulalpan','Calpulalpan','Calpulalpan','000','Calpulalpan',3,'','','','',7,'','Paty',10000.00,10,'Piero1','2006-06-19',1,2287.50,0),
  ('Alejandro','Alejandro','Calpulalpan','Calpulalpan','Calpulalpan','000','Calpulalpan',3,'','','','',7,'','Alejandro',10000.00,10,'Piero1','2006-06-19',1,-2439.00,0),
  ('Sr. Zarco','Sr. Zarco','Texcoco','Texcoco','Edo. Mexico','000','Edo. Mexico',3,'56800428','','','',7,'','Sr. Zarco',30000.00,10,'Piero1','2006-06-19',1,8866.50,0),
  ('Mario','Mario Figueroa','Taxco','Taxco','Taxco','000','Taxco Guerrero',1,'','','','',7,'','Mario Figueroa',30000.00,8,'Piero1','2006-07-13',1,30000.00,0),
  ('Israel','Israel Melchor','Desconocida','Desconocida','Desconocida','000','Mexico D.F',1,'','','','',7,'','Israel',0.00,0,'Piero1','2006-07-13',1,0.00,0),
  ('Rene','Rene','Bodega G-75','CEDA','Iztapalapa','09040','Mexico D.F',1,'','','','',7,'','',50000.00,10,'Piero1','2006-07-13',1,50000.00,0),
  ('DCP040210F26','Dinamica Comercial Pastora S.A de C.V.','Pasillo 3 locales 52-53','Ejidos del Moral','Iztapalapa','09040','Mexico D.F.',5,'','','','',7,'','Victor',115000.00,15,'Piero1','2006-07-17',1,112145.80,0),
  ('DCS0402101N9','Dinamica comercial soledad,S.A. DE C.V.','Pasillo 2 local 198-200-202- KL','Col. Ejidos del Moral','Iztapalapa','09040','Mexico,D.F.',5,'','','','',7,'','Pepe',20000.00,5,'CHAVA','2006-07-19',1,14745.00,0),
  ('DCL0402164N0','Deinne Club,S.A.DEC.V.','Guanajuato No.240 Int.1','Roma','Cuahutemoc','06700','Mexico,D.F.',1,'57119706','','','',7,'','',40000.00,5,'Piero1','2006-07-19',1,40000.00,0),
  ('DCP040210J5A',' Dinamica Comercial Parroquia,S.A.DE C.V.','Pasillo 2 Local  128','Ejidos del Moral','Iztapalapa','09040','Mexico,D.F.',3,'56942355','','','',7,'','PEPE',20000.00,5,'CHAVA','2006-07-19',1,20000.00,0),
  ('Rancherita','La Rancherita','Pasillo 4','Ejidos Del Moral','Iztapalapa','09040','Mexico,D.F.',3,'56009548','','','',7,'','',40000.00,10,'CHAVA','2006-07-19',1,22711.00,0),
  ('melo','melo','melo','melo','melo','000','mexico',3,'','','','',7,'','melo',10000.00,3,'Piero1','2006-08-02',1,17000.00,0),
  ('toro','toro','toro','toro','toro','000','mexico',5,'','','','',7,'','toro',100.00,0,'Piero1','2006-08-02',0,100.00,0),
  ('Moro','Moro','Moro','Moro','Moro','09040','Mexico D.F.',3,'','','','',7,'','Moro',40000.00,8,'Piero1','2006-08-02',1,40000.00,0),
  ('DCP040210NJO','Dinamica Comercial Parroquia S.A de C.V','Central de Abasto Local 128 Pasillo 2','Ejidos del Moral','Iztapalapa','09040','Mexico D.F.',3,'','','','',7,'','Laura',10000.00,0,'CHAVA','2006-08-02',0,10000.00,0),
  ('DCN040210NJO','Dinamica Comercial Nueva Orizaba S.A de C.V','Central de Abasto G 67 y 69','Ejidos del Moral','Iztapalapa','09040','Mexico D.F.',3,'','','','',7,'','Pepe',50000.00,8,'Piero1','2006-08-02',1,26731.00,0),
  ('Galdino','Galdino','mexico','emexico','mexico','000','Mexico',1,'','','','',7,'','',20000.00,4,'Piero1','2006-08-03',1,20000.00,0),
  ('celestino','celestino','ceda','ceda','iztapalapa','09040','mexico',3,'','','','',7,'','',7000.00,5,'Piero1','2006-08-03',1,2352.50,0),
  ('DMA0106263S9','Distribuidora Marga S.A de C.V','Zona 1 sector 1 nave1','central de abasto','Iztapalapa','09040','Mexico D.F',1,'','','','',7,'','Tomas',100000.00,8,'CHAVA','2006-08-03',1,15031.00,0),
  ('Yovany','Yovany','ceda','ceda','Iztapalapa','09040','Mexico D.F',1,'','','','',7,'','Yovany',0.00,1,'Piero1','2006-08-04',1,0.00,0),
  ('Conan','Conan','ceda','ceda','Iztapalapa','09040','Mexico D.F',3,'','','','',1,'','conan',0.00,0,'Piero1','2006-08-05',1,0.00,0),
  ('Che','Che','CEDA','Iztapalapa','Iztapalapa','09040','Mexico  D.F.',4,'','','','',1,'','',0.00,0,'Piero1','2006-08-29',1,0.00,0),
  ('GALP','Garcia Perez Jose Luis','Bodega G75  CEDA  Iztapalapa','Ejidos Del Moral','Iztapalapa','09040','Mexico D.F.',3,'','','','',7,'','moro',0.00,8,'Piero1','2006-08-29',0,0.00,0),
  ('GALP601011M59','Garcia Perez Jose Luis','Bodega G 75 CEDA Iztapalapa','Ejidos del Moral','Iztapalapa','09040','Mexico D.F.',3,'','','','',7,'','',0.00,8,'piero 2','2006-08-29',1,-36235.80,0),
  ('DEMA640807PB5','Delfino Montiel Alfredo','Mercado Lazaro Cardenas L  101','C.D Altamirano Guerrero','Altamirano Guerrero','0000','C.D. Altamirano Guerrero',4,'','','','',7,'','Alfredo',50000.00,10,'Piero1','2006-08-30',1,50000.00,0),
  ('PLV0501201N3','Productos Lacteos Vanguardia S de R L de C.V.','Zona 1 Sector 1 Nave 2 Bodega G 61','Central de Abasto','Iztapalapa','09040','Mexico D.F.',3,'5694 1459','','','',7,'','Hugo',50000.00,5,'CHAVA','2006-08-31',1,28923.00,0),
  ('Gustavo','Gustavo Ramos','Tamasuchales San Luis Potosi','San Luis Potosi','San Luis Potosi','000','San Luis Potosi',5,'','','','',7,'','',0.00,0,'Piero1','2006-09-01',1,0.00,0),
  ('la normita','la normita','la normita','la normita','d.f.','000','d.f.',1,'','','','',7,'','',10000.00,8,'Piero1','2006-09-02',1,10000.00,0),
  ('TEX00111779A','La Texanita S.A. De C.V.','Calle San Ciprian # 90B','Merced Balbuena','Venustiano Carranza','15810','Mexico  D.F.',1,'','','','',7,'','Cermen Jorge',50000.00,8,'Piero1','2006-09-05',1,50000.00,0),
  ('El Toro','El Toro','El Toro','Ceda','Iztapalapa','09040','Mexico D.F.',3,'','','','',7,'','toro',10000.00,3,'CHAVA','2006-09-07',1,10000.00,0),
  ('MarioSantiago','Mario Santiago','Chalco','Chalco','Chalco','000','Mexico D.F.',1,'','','','',7,'','Mario',100000.00,3,'Piero1','2006-09-07',1,100000.00,0);

COMMIT;

#
# Data for the `cobros` table  (LIMIT 0,500)
#

# consecutivo:3:49667
# claveVenta:3:32768
# claveCliente:253:0
# fechaCobro:10:128
# monto:5:32768
# formaPago:3:32768
# observaciones:253:0
# bancoCuenta:3:32768
# activo:3:32768

INSERT INTO `cobros` (`consecutivo`, `claveVenta`, `claveCliente`, `fechaCobro`, `monto`, `formaPago`, `observaciones`, `bancoCuenta`, `activo`) VALUES 
  (1,4,'Che','2006-08-29',345.00,1,'',0,1),
  (2,5,'Yovany','2006-08-29',358.00,1,'',0,1),
  (3,6,'Retoño','2006-08-29',13442.00,1,'',0,1),
  (4,1,'Barca','2006-08-29',440.00,1,'',0,1),
  (5,21,'Barca','2006-08-29',168.00,1,'',0,1),
  (6,31,'GAAY8110197E3','2006-08-29',31192.00,1,'',0,1),
  (7,33,'Nochistlan','2006-08-29',157.00,1,'',0,1),
  (8,35,'AEVJ741206QJ3','2006-08-29',3152.00,1,'',0,1),
  (9,36,'Nochistlan','2006-08-29',62.00,1,'',0,1),
  (10,13,'Erik','2006-08-30',363.00,1,'',0,1),
  (11,18,'Esperanza','2006-08-30',1500.00,1,'',0,1),
  (12,45,'Juan Zepeda','2006-08-30',62.50,1,'',0,1),
  (13,41,'melo','2006-08-30',7000.00,1,'',0,1),
  (14,48,'melo','2006-08-30',7000.00,1,'',0,1),
  (15,49,'Che','2006-08-30',136.00,1,'',0,1),
  (16,42,'TEX931122JL3','2006-08-30',13900.00,1,'',0,1),
  (17,58,'Alfredo','2006-08-30',14620.00,1,'',0,1),
  (18,62,'DEMA640807PB5','2006-08-30',5380.00,1,'',0,1),
  (19,77,'Esperanza','2006-08-30',1500.00,1,'',0,1),
  (20,9,'Ranchito','2006-08-30',1680.00,1,'',0,1),
  (21,10,'Normita','2006-08-30',3225.00,1,'',0,1),
  (22,38,'DCP040210F26','2006-08-30',1027.00,1,'',0,1),
  (23,74,'Erik','2006-08-30',660.00,1,'',0,1),
  (24,46,'CSS850907851','2006-08-30',11120.00,1,'',0,1),
  (25,89,'AEVJ741206QJ3','2006-08-30',5639.00,1,'',0,1),
  (26,123,'AEVJ741206QJ3','2006-08-31',54685.20,2,'',0,1),
  (27,109,'Esperanza','2006-09-01',1500.00,1,'',0,1),
  (28,67,'Ranchito','2006-09-01',10000.00,1,'',0,1),
  (29,69,'Normita','2006-09-01',2000.00,1,'',0,1),
  (30,59,'DCP040210F26','2006-09-01',2235.00,1,'',0,1),
  (31,93,'Especial','2006-09-01',33556.00,1,'',0,1),
  (32,65,'Bonanza','2006-09-01',11000.00,1,'',0,1),
  (33,64,'CSH870328B82','2006-09-01',2000.00,1,'',0,1),
  (34,53,'CSC880523NA1','2006-09-01',14750.00,1,'',0,1),
  (35,103,'Erik','2006-09-01',928.00,1,'',0,1),
  (36,104,'Rosa de oro','2006-09-01',2547.00,1,'',0,1),
  (37,130,'Yovany','2006-09-01',981.00,1,'',0,1),
  (38,126,'CSC880523NA1','2006-09-02',1950.00,2,'',0,1),
  (39,141,'Bonanza','2006-09-02',717.00,1,'',0,1),
  (40,24,'CSC880523NA1','2006-09-02',4900.00,1,'',0,1),
  (41,142,'Erik','2006-09-02',450.00,1,'',0,1),
  (42,93,'Especial','2006-09-02',10000.00,1,'',0,1),
  (43,27,'DCN040210NJO','2006-09-02',4675.00,2,'',0,1),
  (44,135,'Esperanza','2006-09-02',1500.00,1,'',0,1),
  (45,165,'Esperanza','2006-09-02',6875.00,1,'',0,1),
  (46,67,'Ranchito','2006-09-02',9940.00,1,'',0,1),
  (47,69,'Normita','2006-09-02',8728.00,1,'',0,1),
  (48,73,'Tapatio','2006-09-02',2780.00,1,'',0,1),
  (49,83,'Teresita','2006-09-02',70000.00,1,'',0,1),
  (50,78,'Nochistlan','2006-09-02',74.00,1,'',0,1),
  (51,170,'Trinidad','2006-09-02',36573.00,2,'',0,1),
  (52,171,'Trinidad','2006-09-02',7400.00,2,'',0,1),
  (53,172,'Nochistlan','2006-09-02',157.00,1,'',0,1),
  (54,191,'Rojas','2006-09-02',110.00,1,'',0,1),
  (55,196,'AEVJ741206QJ3','2006-09-02',6419.60,1,'',0,1),
  (56,197,'AEVJ741206QJ3','2006-09-02',4575.00,1,'',0,1),
  (57,209,'AEVJ741206QJ3','2006-09-02',6830.00,2,'',0,1),
  (58,214,'Sr. Zarco','2006-09-02',1038.00,1,'',0,1),
  (59,217,'D`MargònZ','2006-09-02',1480.00,1,'',0,1),
  (60,222,'La Guera','2006-09-04',3422.00,1,'',0,1),
  (61,221,'D`MargònZ','2006-09-04',2220.00,1,'',0,1),
  (62,30,'CSL0309122V5','2006-09-04',3950.40,1,'',0,1),
  (63,68,'CSL0309122V5','2006-09-04',6768.00,1,'',0,1),
  (64,88,'CSL0309122V5','2006-09-04',1500.00,1,'',0,1),
  (65,11,'Yoely','2006-09-04',9140.00,1,'',0,1),
  (66,34,'Yoely','2006-09-04',162.00,1,'',0,1),
  (67,70,'Yoely','2006-09-04',1562.50,1,'',0,1),
  (68,96,'Yoely','2006-09-04',1490.00,1,'',0,1),
  (69,132,'Yoely','2006-09-04',1875.00,1,'',0,1),
  (70,52,'HESJ501028FJ3','2006-09-04',2237.50,1,'',0,1),
  (71,90,'DCP040210J5A','2006-09-04',8285.00,1,'',0,1),
  (72,228,'Che','2006-09-04',260.00,1,'',0,1),
  (73,127,'DCP040210J5A','2006-09-04',1567.00,1,'',0,1),
  (74,148,'AARZ770413CVA','2006-09-04',3120.00,1,'',0,1),
  (75,218,'Bonanza','2006-09-04',3432.00,1,'',0,1),
  (76,187,'Erik','2006-09-04',831.50,1,'',0,1),
  (77,183,'Esperanza','2006-09-04',1500.00,1,'',0,1),
  (78,20,'Ruiseñor','2006-09-04',2901.00,1,'',0,1),
  (79,83,'Teresita','2006-09-04',11081.00,1,'',0,1),
  (80,101,'Tapatio','2006-09-04',1620.00,1,'',0,1),
  (81,138,'Ranchito','2006-09-04',7981.00,1,'',0,1),
  (82,95,'Texana','2006-09-04',8788.00,1,'',0,1),
  (83,129,'Texana','2006-09-04',15675.00,1,'',0,1),
  (84,3,'Retoño','2006-09-04',338.40,1,'',0,1),
  (85,80,'Retoño','2006-09-04',15656.00,1,'',0,1),
  (86,106,'Retoño','2006-09-04',1460.00,1,'',0,1),
  (87,150,'Retoño','2006-09-04',1680.00,1,'',0,1),
  (88,47,'Retoñito','2006-09-04',11120.00,1,'',0,1),
  (89,118,'DCP040210F26','2006-09-04',1225.00,1,'',0,1),
  (90,91,'celestino','2006-09-04',2184.00,1,'',0,1),
  (91,238,'Gustavo','2006-09-04',2180.00,1,'',0,1),
  (92,173,'Juan Munoz','2006-09-04',23014.50,1,'',0,1),
  (93,92,'Juan Munoz','2006-09-04',2409.00,1,'',0,1),
  (94,43,'Juan Munoz','2006-09-04',13959.00,1,'',0,1),
  (95,278,'GAAY8110197E3','2006-09-04',20225.00,2,'',0,1),
  (96,280,'Juan Munoz','2006-09-04',3519.50,1,'',0,1),
  (97,281,'La Guera','2006-09-04',4436.00,1,'',0,1),
  (98,235,'Che','2006-09-04',136.00,1,'',0,1),
  (99,175,'Gustavo','2006-09-04',4320.00,1,'',0,1),
  (100,275,'AARZ770413CVA','2006-09-04',3700.00,1,'',0,1),
  (101,272,'AEVJ741206QJ3','2006-09-04',7326.00,2,'',0,1),
  (102,12,'Barca','2006-09-04',4376.00,1,'',0,1),
  (103,125,'Barca','2006-09-04',4931.00,2,'',0,1),
  (104,149,'Barca','2006-09-04',1469.00,2,'',0,1),
  (105,119,'DCN040210NJO','2006-09-05',10000.00,1,'',0,1),
  (106,246,'Esperanza','2006-09-05',1500.00,1,'',0,1),
  (107,147,'Teresita','2006-09-05',7445.00,1,'',0,1),
  (108,114,'CTC900503Q24','2006-09-05',3900.00,1,'',0,1),
  (109,23,'GALP601011M59','2006-09-05',4991.00,1,'',0,1),
  (110,60,'GALP601011M59','2006-09-05',169.20,1,'',0,1),
  (111,86,'GALP601011M59','2006-09-05',1347.20,1,'',0,1),
  (112,128,'GALP601011M59','2006-09-05',507.00,1,'',0,1),
  (113,102,'Normita','2006-09-05',9162.00,1,'',0,1),
  (114,146,'Normita','2006-09-05',5871.00,1,'',0,1),
  (115,176,'Normita','2006-09-05',10317.00,1,'',0,1),
  (116,273,'Normita','2006-09-05',665.00,1,'',0,1),
  (117,211,'la normita','2006-09-05',4174.00,1,'',0,1),
  (118,179,'Ranchito','2006-09-05',3297.00,1,'',0,1),
  (119,213,'Ranchito','2006-09-05',604.00,1,'',0,1),
  (120,122,'DCH040220NMA','2006-09-05',4844.20,1,'',0,1),
  (121,25,'TEX931122JL3','2006-09-05',4330.00,1,'',0,1),
  (122,249,'Retoño','2006-09-05',193.00,1,'',0,1),
  (123,223,'Juan Zepeda','2006-09-05',294.00,1,'',0,1),
  (124,285,'Mario','2006-09-05',419.00,1,'',0,1),
  (125,194,'Rosa de oro','2006-09-05',2000.00,1,'',0,1),
  (126,14,'Lupita','2006-09-05',19613.00,1,'',0,1),
  (127,57,'PAPE720521P11','2006-09-05',6980.00,1,'',0,1),
  (128,203,'CSC880523NA1','2006-09-05',9975.00,1,'',0,1),
  (129,271,'CSC880523NA1','2006-09-05',2600.00,1,'',0,1),
  (130,185,'Yoely','2006-09-05',1607.00,1,'',0,1),
  (131,247,'Erik','2006-09-05',944.00,1,'',0,1),
  (132,279,'Erik','2006-09-05',74.00,1,'',0,1),
  (133,251,'Yoely','2006-09-05',920.00,1,'',0,1),
  (134,289,'Nochistlan','2006-09-05',157.00,1,'',0,1),
  (135,288,'El Pico de O','2006-09-05',2825.20,1,'',0,1),
  (136,286,'Che','2006-09-05',332.00,1,'',0,1),
  (137,316,'TEX00111779A','2006-09-05',19993.00,1,'',0,1),
  (138,321,'Esperanza','2006-09-06',1500.00,1,'',0,1),
  (139,105,'Ranchito','2006-09-06',1885.00,1,'',0,1),
  (140,252,'Ranchito','2006-09-06',95.50,1,'',0,1),
  (141,110,'Ruiseñor','2006-09-06',3391.20,1,'',0,1),
  (142,282,'Ruiseñor','2006-09-06',2600.00,1,'',0,1),
  (143,215,'DCP040210F26','2006-09-06',1650.00,1,'',0,1),
  (144,234,'Tapatio','2006-09-06',2097.00,1,'',0,1),
  (145,239,'Normita','2006-09-06',13126.00,1,'',0,1),
  (146,276,'Normita','2006-09-06',1650.00,1,'',0,1),
  (147,317,'Normita','2006-09-06',1189.00,1,'',0,1),
  (148,257,'CSJ871008UQ4','2006-09-06',7400.00,1,'',0,1),
  (149,188,'Lupita','2006-09-06',1490.00,1,'',0,1),
  (150,112,'PLV0501201N3','2006-09-06',10000.00,1,'',0,1),
  (151,201,'HESJ501028FJ3','2006-09-06',2105.00,1,'',0,1),
  (152,167,'CSC880523NA1','2006-09-06',10720.00,1,'',0,1),
  (153,168,'CSC880523NA1','2006-09-06',1352.00,1,'',0,1),
  (154,194,'Rosa de oro','2006-09-06',1200.00,1,'',0,1),
  (155,205,'PAPE720521P11','2006-09-06',1345.00,1,'',0,1),
  (156,216,'PAPE720521P11','2006-09-06',2600.00,1,'',0,1),
  (157,267,'PAPE720521P11','2006-09-06',2265.00,1,'',0,1),
  (158,277,'AARZ770413CVA','2006-09-06',4485.00,1,'',0,1),
  (159,295,'Bonanza','2006-09-06',2404.00,1,'',0,1),
  (160,296,'Erik','2006-09-06',377.00,1,'',0,1),
  (161,28,'CLA830615UC2','2006-09-06',3107.00,1,'',0,1),
  (162,29,'CLA830615UC2','2006-09-06',3914.00,1,'',0,1),
  (163,51,'CLA830615UC2','2006-09-06',24192.00,1,'',0,1),
  (164,66,'CLA830615UC2','2006-09-06',1222.00,1,'',0,1),
  (165,121,'CLA830615UC2','2006-09-06',906.00,1,'',0,1),
  (166,155,'CLA830615UC2','2006-09-06',4451.00,1,'',0,1),
  (167,162,'CLA830615UC2','2006-09-06',4290.00,1,'',0,1),
  (168,208,'CLA830615UC2','2006-09-06',1632.00,1,'',0,1),
  (169,85,'Chucho','2006-09-06',3700.00,1,'',0,1),
  (170,100,'Chucho','2006-09-06',8855.00,1,'',0,1),
  (171,145,'Chucho','2006-09-06',5675.00,1,'',0,1),
  (172,274,'Juan Munoz','2006-09-06',10201.00,1,'',0,1),
  (173,331,'La Guera','2006-09-06',2354.00,1,'',0,1),
  (174,48,'melo','2006-09-06',1580.00,1,'',0,1),
  (175,333,'melo','2006-09-06',4003.00,1,'',0,1),
  (176,332,'Mario','2006-09-06',7360.00,1,'',0,1),
  (177,62,'DEMA640807PB5','2006-09-06',17249.00,1,'',0,1),
  (178,335,'Alfredo','2006-09-06',2751.00,1,'',0,1),
  (179,334,'Gustavo','2006-09-06',2780.00,1,'',0,1),
  (180,347,'GAAY8110197E3','2006-09-06',4830.00,1,'',0,1),
  (181,350,'Juan Zepeda','2006-09-06',62.50,1,'',0,1),
  (182,22,'CSS850907851','2006-09-07',1300.00,1,'',0,1),
  (183,55,'CSS850907851','2006-09-07',4930.00,1,'',0,1),
  (184,255,'CSS850907851','2006-09-07',2317.00,1,'',0,1),
  (185,212,'HESJ501028FJ3','2006-09-07',3920.00,1,'',0,1),
  (186,143,'Lupita','2006-09-07',14818.00,1,'',0,1),
  (187,260,'Lupita','2006-09-07',4322.00,1,'',0,1),
  (188,194,'Rosa de oro','2006-09-07',1000.00,1,'',0,1),
  (189,293,'Yoely','2006-09-07',1500.00,1,'',0,1),
  (190,329,'CSC880523NA1','2006-09-07',36000.00,1,'',0,1),
  (191,17,'Esperanza','2006-09-07',7441.00,1,'',0,1),
  (192,362,'Esperanza','2006-09-07',1500.00,1,'',0,1),
  (193,116,'LSF050118U75','2006-09-07',80400.00,1,'',0,1),
  (194,158,'LSF050118U75','2006-09-07',2795.00,1,'',0,1),
  (195,200,'LSF050118U75','2006-09-07',10400.00,1,'',0,1),
  (196,153,'Ruiseñor','2006-09-07',2500.00,1,'',0,1),
  (197,298,'Tapatio','2006-09-07',1500.00,1,'',0,1),
  (198,364,'Normita','2006-09-07',320.00,1,'',0,1),
  (199,312,'Ranchito','2006-09-07',4684.00,1,'',0,1),
  (200,224,'celestino','2006-09-07',4110.00,1,'',0,1),
  (201,391,'GAAY8110197E3','2006-09-07',18140.00,1,'',0,1),
  (202,367,'La Guera','2006-09-07',6212.00,1,'',0,1),
  (203,325,'Lupita','2006-09-07',6660.00,1,'',0,1),
  (204,390,'AEVJ741206QJ3','2006-09-07',35700.40,2,'',0,1),
  (205,407,'AEVJ741206QJ3','2006-09-07',9400.00,2,'',0,1),
  (206,410,'MarioSantiago','2006-09-07',30000.00,1,'',0,1),
  (207,376,'El Toro','2006-09-08',4157.00,1,'',0,1),
  (208,17,'Esperanza','2006-09-08',9013.50,1,'',0,1),
  (209,76,'Esperanza','2006-09-08',3577.60,1,'',0,1),
  (210,108,'Esperanza','2006-09-08',471.00,1,'',0,1),
  (211,408,'Esperanza','2006-09-08',1500.00,1,'',0,1),
  (212,153,'Ruiseñor','2006-09-08',640.00,1,'',0,1),
  (213,236,'Ruiseñor','2006-09-08',2000.00,1,'',0,1),
  (214,363,'Ruiseñor','2006-09-08',1797.00,1,'',0,1),
  (215,292,'Teresita','2006-09-08',12385.00,1,'',0,1),
  (216,394,'Tapatio','2006-09-08',445.00,1,'',0,1),
  (217,317,'Normita','2006-09-08',5141.00,1,'',0,1),
  (218,355,'Ranchito','2006-09-08',4100.00,1,'',0,1),
  (219,290,'TEX931122JL3','2006-09-08',3000.00,1,'',0,1),
  (220,287,'Juan Zepeda','2006-09-08',692.00,1,'',0,1),
  (221,328,'CSS850907851','2006-09-08',3640.00,1,'',0,1),
  (222,120,'HESJ501028FJ3','2006-09-08',1570.00,1,'',0,1),
  (223,194,'Rosa de oro','2006-09-08',1500.00,1,'',0,1),
  (224,260,'Lupita','2006-09-08',6916.00,1,'',0,1),
  (225,263,'PLV0501201N3','2006-09-08',5000.00,1,'',0,1),
  (226,293,'Yoely','2006-09-08',1000.00,1,'',0,1),
  (227,305,'DCP040210J5A','2006-09-08',1175.00,1,'',0,1),
  (228,340,'Erik','2006-09-08',628.50,1,'',0,1),
  (229,387,'Erik','2006-09-08',500.00,1,'',0,1),
  (230,386,'Bonanza','2006-09-08',1158.00,1,'',0,1),
  (231,393,'CSC880523NA1','2006-09-08',39530.00,1,'',0,1),
  (232,19,'Ramirez','2006-09-08',445.00,2,'',0,1),
  (233,84,'Ramirez','2006-09-08',17730.00,2,'',0,1),
  (234,94,'Ramirez','2006-09-08',1300.00,2,'',0,1),
  (235,139,'Ramirez','2006-09-08',5065.00,2,'',0,1),
  (236,330,'Juan Munoz','2006-09-08',20437.00,1,'',0,1),
  (237,449,'Trinidad','2006-09-08',10967.00,1,'',0,1),
  (238,452,'Juan Munoz','2006-09-08',1320.00,1,'',0,1),
  (239,140,'Super Palmas','2006-09-09',1500.00,1,'',0,1),
  (240,194,'Rosa de oro','2006-09-09',1000.00,1,'',0,1),
  (241,260,'Lupita','2006-09-09',7000.00,1,'',0,1),
  (242,311,'PAPE720521P11','2006-09-09',2960.00,1,'',0,1),
  (243,369,'PAPE720521P11','2006-09-09',2440.00,1,'',0,1),
  (244,387,'Erik','2006-09-09',254.00,1,'',0,1),
  (245,375,'CSH870328B82','2006-09-09',2000.00,1,'',0,1),
  (246,412,'Bonanza','2006-09-09',1125.00,1,'',0,1),
  (247,434,'CSC880523NA1','2006-09-09',9420.00,2,'',0,1),
  (248,16,'Surtidor','2006-09-09',2436.40,1,'',0,1),
  (249,82,'Surtidor','2006-09-09',785.00,1,'',0,1),
  (250,54,'AAGF740817Q38','2006-09-09',5974.00,2,'',0,1),
  (251,108,'Esperanza','2006-09-09',13000.00,1,'',0,1),
  (252,428,'Esperanza','2006-09-09',1500.00,1,'',0,1),
  (253,198,'CTC900503Q24','2006-09-09',26990.00,2,'',0,1),
  (254,220,'CTC900503Q24','2006-09-09',1680.00,2,'',0,1),
  (255,236,'Ruiseñor','2006-09-09',3000.00,1,'',0,1),
  (256,290,'TEX931122JL3','2006-09-09',1700.00,1,'',0,1),
  (257,87,'TEX931122JL3','2006-09-09',2738.00,2,'',0,1),
  (258,264,'TEX931122JL3','2006-09-09',8881.00,2,'',0,1),
  (259,298,'Tapatio','2006-09-09',2200.00,1,'',0,1),
  (260,336,'DCP040210F26','2006-09-09',2510.00,2,'',0,1),
  (261,396,'Normita','2006-09-09',3000.00,1,'',0,1),
  (262,403,'Normita','2006-09-09',3900.00,1,'',0,1),
  (263,164,'MAVP601008RTA','2006-09-09',5395.00,2,'',0,1),
  (264,56,'MAVP601008RTA','2006-09-09',12576.00,2,'',0,1),
  (265,32,'MAVP601008RTA','2006-09-09',2600.00,2,'',0,1),
  (266,423,'La Guera','2006-09-09',4138.40,1,'',0,1),
  (267,214,'Sr. Zarco','2006-09-09',22176.00,1,'',0,1),
  (268,453,'Sr. Zarco','2006-09-09',2824.00,1,'',0,1),
  (269,478,'AEVJ741206QJ3','2006-09-09',507.60,2,'',0,1),
  (270,479,'AEVJ741206QJ3','2006-09-09',10282.00,2,'',0,1),
  (271,499,'AEVJ741206QJ3','2006-09-09',4869.00,2,'',0,1),
  (272,113,'CSL0309122V5','2006-09-10',6366.00,2,'',0,1),
  (273,169,'CSL0309122V5','2006-09-10',5995.00,2,'',0,1),
  (274,210,'CSL0309122V5','2006-09-10',3221.00,2,'',0,1),
  (275,270,'CSL0309122V5','2006-09-10',1123.40,2,'',0,1),
  (276,313,'CSL0309122V5','2006-09-10',7795.00,2,'',0,1),
  (277,346,'CSL0309122V5','2006-09-10',4614.00,2,'',0,1),
  (278,140,'Super Palmas','2006-09-10',2725.00,2,'',0,1),
  (279,161,'HESJ501028FJ3','2006-09-10',5295.00,2,'',0,1),
  (280,194,'Rosa de oro','2006-09-10',1500.00,1,'',0,1),
  (281,260,'Lupita','2006-09-10',7818.00,1,'',0,1),
  (282,397,'Lupita','2006-09-10',2182.00,1,'',0,1),
  (283,293,'Yoely','2006-09-10',4000.00,1,'',0,1),
  (284,400,'AARZ770413CVA','2006-09-10',845.00,1,'',0,1),
  (285,459,'Bonanza','2006-09-10',1273.00,1,'',0,1),
  (286,462,'Erik','2006-09-10',864.00,1,'',0,1),
  (287,302,'PLV0501201N3','2006-09-10',3050.00,2,'',0,1),
  (288,383,'PLV0501201N3','2006-09-10',4000.00,2,'',0,1),
  (289,108,'Esperanza','2006-09-10',3988.00,1,'',0,1),
  (290,136,'Esperanza','2006-09-10',9012.00,1,'',0,1),
  (291,467,'Esperanza','2006-09-10',1480.00,1,'',0,1),
  (292,115,'AAGF740817Q38','2006-09-10',6170.00,2,'',0,1),
  (293,290,'TEX931122JL3','2006-09-10',2000.00,1,'',0,1),
  (294,342,'DCH040220NMA','2006-09-10',3986.00,2,'',0,1),
  (295,382,'Ranchito','2006-09-10',894.00,1,'',0,1),
  (296,427,'Ranchito','2006-09-10',2885.00,1,'',0,1),
  (297,396,'Normita','2006-09-10',4136.00,1,'',0,1),
  (298,432,'Normita','2006-09-10',2730.00,1,'',0,1),
  (299,417,'Tapatio','2006-09-10',3523.00,2,'',0,1),
  (300,448,'Che','2006-09-10',1260.00,1,'',0,1),
  (301,368,'D`MargònZ','2006-09-10',740.00,1,'',0,1),
  (302,447,'Yovany','2006-09-10',242.00,1,'',0,1),
  (303,505,'Rojas','2006-09-11',110.00,1,'',0,1),
  (304,506,'La Guera','2006-09-11',2600.00,1,'',0,1);

COMMIT;

#
# Data for the `facturas` table  (LIMIT 0,500)
#

# Clave_Orden:3:32768
# factura:253:0
# fecha_factura:10:128

INSERT INTO `facturas` (`Clave_Orden`, `factura`, `fecha_factura`) VALUES 
  (2,'41659','2006-08-29'),
  (6,'7471','2006-08-30'),
  (12,'41715','2006-08-31');

COMMIT;

#
# Data for the `gastos` table  (LIMIT 0,500)
#

# clave:3:49667
# bancoCuenta:3:32768
# fecha:10:128
# concepto:253:0
# importe:5:32768
# activo:3:32768

INSERT INTO `gastos` (`clave`, `bancoCuenta`, `fecha`, `concepto`, `importe`, `activo`) VALUES 
  (1,0,'2006-08-29','Pago a la Compra #2',149867.76,1),
  (2,0,'2006-08-29','Pago a la Compra #3',50440.00,1),
  (3,0,'2006-08-30','Pago a la Compra #5',55208.00,1),
  (4,0,'2006-08-30','Pago a la Compra #8',83027.17,1),
  (5,0,'2006-08-30','Pago a la Compra #9',19000.00,0),
  (6,0,'2006-08-31','Pago a la Compra #7',4476.00,1),
  (7,0,'2006-08-31','Pago a la Compra #6',14920.00,1),
  (8,0,'2006-08-31','Pago a la Compra #10',35044.26,1),
  (9,0,'2006-08-31','Pago a la Compra #14',68817.60,1),
  (10,0,'2006-09-01','Pago a la Compra #12',158733.32,1),
  (11,0,'2006-09-01','Pago a la Compra #15',3553.60,1),
  (12,0,'2006-09-01','Pago a la Compra #19',7869.00,1),
  (13,0,'2006-09-01','Pago a la Compra #20',57560.80,0),
  (14,0,'2006-09-01','Pago a la Compra #20',57560.80,1),
  (15,0,'2006-09-02','Pago a la Compra #23',38508.84,0),
  (16,0,'2006-09-02','Pago a la Compra #23',38508.84,1),
  (17,0,'2006-09-08','Pago a la Compra #18',30972.00,1),
  (18,0,'2006-09-04','Pago a la Compra #26',55297.27,1),
  (19,0,'2006-09-04','Pago a la Compra #26',0.03,1),
  (20,0,'2006-09-04','Pago a la Compra #24',102056.00,1),
  (21,0,'2006-09-04','Pago a la Compra #25',14250.00,1),
  (22,0,'2006-09-05','Pago a la Compra #32',37779.80,0),
  (23,0,'2006-09-08','Pago a la Compra #32',37779.80,1),
  (24,0,'2006-09-05','Pago a la Compra #32',0.03,1),
  (25,0,'2006-09-07','Pago a la Compra #1',68433.70,1),
  (26,0,'2006-09-06','Pago a la Compra #1',1089.90,1),
  (27,0,'2006-09-30','Pago a la Compra #21',81155.52,1),
  (28,0,'2006-09-30','Pago a la Compra #11',21816.00,1),
  (29,0,'2006-09-07','Pago a la Compra #33',8971.20,1),
  (30,0,'2006-09-06','Pago a la Compra #35',2780.00,1),
  (31,0,'2006-09-09','Pago a la Compra #34',140186.43,1),
  (32,0,'2006-09-07','Pago a la Compra #34',0.07,1),
  (33,0,'2006-09-07','Pago a la Compra #17',60909.40,1),
  (34,0,'2006-09-07','Pago a la Compra #17',1843.20,1),
  (35,0,'2006-09-09','Pago a la Compra #16',103379.95,1),
  (36,0,'2006-09-07','Pago a la Compra #16',5961.05,1),
  (37,0,'2006-09-07','Pago a la Compra #35',23816.00,1),
  (38,0,'2006-09-09','Pago a la Compra #36',76920.20,1),
  (39,0,'2006-09-07','Pago a la Compra #37',60500.00,1),
  (40,0,'2006-09-07','Pago a la Compra #41',32138.80,1),
  (41,0,'2006-09-07','Pago a la Compra #42',21850.00,1),
  (42,0,'2006-09-07','Pago a la Compra #38',124071.00,1),
  (43,0,'2006-09-07','Pago a la Compra #38',1394.60,1),
  (44,0,'2006-09-08','Pago a la Compra #31',6300.00,1),
  (45,0,'2006-09-11','Pago a la Compra #46',20659.32,1),
  (46,0,'2006-09-09','Pago a la Compra #49',18434.71,1),
  (47,0,'2006-09-11','Pago a la Compra #51',56040.00,1),
  (48,0,'2006-09-11','Pago a la Compra #53',155100.00,1);

COMMIT;

#
# Data for the `ingresos` table  (LIMIT 0,500)
#

# clave:3:49667
# bancoCuenta:3:32768
# fecha:10:128
# concepto:253:0
# importe:5:32768
# activo:3:32768

INSERT INTO `ingresos` (`clave`, `bancoCuenta`, `fecha`, `concepto`, `importe`, `activo`) VALUES 
  (1,0,'2006-08-29','Cobro de la Venta #4',345.00,1),
  (2,0,'2006-08-29','Cobro de la Venta #5',358.00,1),
  (3,0,'2006-08-29','Cobro de la Venta #6',13442.00,1),
  (4,0,'2006-08-29','Cobro de la Venta #1',440.00,1),
  (5,0,'2006-08-29','Cobro de la Venta #21',168.00,1),
  (6,0,'2006-08-29','Cobro de la Venta #31',31192.00,1),
  (7,0,'2006-08-29','Cobro de la Venta #33',157.00,1),
  (8,0,'2006-08-29','Cobro de la Venta #35',3152.00,1),
  (9,0,'2006-08-29','Cobro de la Venta #36',62.00,1),
  (10,0,'2006-08-30','Cobro de la Venta #13',363.00,1),
  (11,0,'2006-08-30','Cobro de la Venta #18',1500.00,1),
  (12,0,'2006-08-30','Cobro de la Venta #45',62.50,1),
  (13,0,'2006-08-30','Cobro de la Venta #41',7000.00,1),
  (14,0,'2006-08-30','Cobro de la Venta #48',7000.00,1),
  (15,0,'2006-08-30','Cobro de la Venta #49',136.00,1),
  (16,0,'2006-08-30','Cobro de la Venta #42',13900.00,1),
  (17,0,'2006-08-30','Cobro de la Venta #58',14620.00,1),
  (18,0,'2006-08-30','Cobro de la Venta #62',5380.00,1),
  (19,0,'2006-08-30','Cobro de la Venta #77',1500.00,1),
  (20,0,'2006-08-30','Cobro de la Venta #9',1680.00,1),
  (21,0,'2006-08-30','Cobro de la Venta #10',3225.00,1),
  (22,0,'2006-08-30','Cobro de la Venta #38',1027.00,1),
  (23,0,'2006-08-30','Cobro de la Venta #74',660.00,1),
  (24,0,'2006-08-30','Cobro de la Venta #46',11120.00,1),
  (25,0,'2006-08-30','Cobro de la Venta #89',5639.00,1),
  (26,0,'2006-08-31','Cobro de la Venta #123',54685.20,1),
  (27,0,'2006-09-01','Cobro de la Venta #109',1500.00,1),
  (28,0,'2006-09-01','Cobro de la Venta #67',10000.00,1),
  (29,0,'2006-09-01','Cobro de la Venta #69',2000.00,1),
  (30,0,'2006-09-01','Cobro de la Venta #59',2235.00,1),
  (31,0,'2006-09-01','Cobro de la Venta #93',33556.00,1),
  (32,0,'2006-09-01','Cobro de la Venta #65',11000.00,1),
  (33,0,'2006-09-01','Cobro de la Venta #64',2000.00,1),
  (34,0,'2006-09-01','Cobro de la Venta #53',14750.00,1),
  (35,0,'2006-09-01','Cobro de la Venta #103',928.00,1),
  (36,0,'2006-09-01','Cobro de la Venta #104',2547.00,1),
  (37,0,'2006-09-01','Cobro de la Venta #130',981.00,1),
  (38,0,'2006-09-02','Cobro de la Venta #126',1950.00,1),
  (39,0,'2006-09-02','Cobro de la Venta #141',717.00,1),
  (40,0,'2006-09-02','Cobro de la Venta #24',4900.00,1),
  (41,0,'2006-09-02','Cobro de la Venta #142',450.00,1),
  (42,0,'2006-09-02','Cobro de la Venta #93',10000.00,1),
  (43,0,'2006-09-02','Cobro de la Venta #27',4675.00,1),
  (44,0,'2006-09-02','Cobro de la Venta #135',1500.00,1),
  (45,0,'2006-09-02','Cobro de la Venta #165',6875.00,1),
  (46,0,'2006-09-02','Cobro de la Venta #67',9940.00,1),
  (47,0,'2006-09-02','Cobro de la Venta #69',8728.00,1),
  (48,0,'2006-09-02','Cobro de la Venta #73',2780.00,1),
  (49,0,'2006-09-02','Cobro de la Venta #83',70000.00,1),
  (50,0,'2006-09-02','Cobro de la Venta #78',74.00,1),
  (51,0,'2006-09-02','Cobro de la Venta #170',36573.00,1),
  (52,0,'2006-09-02','Cobro de la Venta #171',7400.00,1),
  (53,0,'2006-09-02','Cobro de la Venta #172',157.00,1),
  (54,0,'2006-09-02','Cobro de la Venta #191',110.00,1),
  (55,0,'2006-09-02','Cobro de la Venta #196',6419.60,1),
  (56,0,'2006-09-02','Cobro de la Venta #197',4575.00,1),
  (57,0,'2006-09-02','Cobro de la Venta #209',6830.00,1),
  (58,0,'2006-09-02','Cobro de la Venta #214',1038.00,1),
  (59,0,'2006-09-02','Cobro de la Venta #217',1480.00,1),
  (60,0,'2006-09-04','Cobro de la Venta #222',3422.00,1),
  (61,0,'2006-09-04','Cobro de la Venta #221',2220.00,1),
  (62,0,'2006-09-04','Cobro de la Venta #30',3950.40,1),
  (63,0,'2006-09-04','Cobro de la Venta #68',6768.00,1),
  (64,0,'2006-09-04','Cobro de la Venta #88',1500.00,1),
  (65,0,'2006-09-04','Cobro de la Venta #11',9140.00,1),
  (66,0,'2006-09-04','Cobro de la Venta #34',162.00,1),
  (67,0,'2006-09-04','Cobro de la Venta #70',1562.50,1),
  (68,0,'2006-09-04','Cobro de la Venta #96',1490.00,1),
  (69,0,'2006-09-04','Cobro de la Venta #132',1875.00,1),
  (70,0,'2006-09-04','Cobro de la Venta #52',2237.50,1),
  (71,0,'2006-09-04','Cobro de la Venta #90',8285.00,1),
  (72,0,'2006-09-04','Cobro de la Venta #228',260.00,1),
  (73,0,'2006-09-04','Cobro de la Venta #127',1567.00,1),
  (74,0,'2006-09-04','Cobro de la Venta #148',3120.00,1),
  (75,0,'2006-09-04','Cobro de la Venta #218',3432.00,1),
  (76,0,'2006-09-04','Cobro de la Venta #187',831.50,1),
  (77,0,'2006-09-04','Cobro de la Venta #183',1500.00,1),
  (78,0,'2006-09-04','Cobro de la Venta #20',2901.00,1),
  (79,0,'2006-09-04','Cobro de la Venta #83',11081.00,1),
  (80,0,'2006-09-04','Cobro de la Venta #101',1620.00,1),
  (81,0,'2006-09-04','Cobro de la Venta #138',7981.00,1),
  (82,0,'2006-09-04','Cobro de la Venta #95',8788.00,1),
  (83,0,'2006-09-04','Cobro de la Venta #129',15675.00,1),
  (84,0,'2006-09-04','Cobro de la Venta #3',338.40,1),
  (85,0,'2006-09-04','Cobro de la Venta #80',15656.00,1),
  (86,0,'2006-09-04','Cobro de la Venta #106',1460.00,1),
  (87,0,'2006-09-04','Cobro de la Venta #150',1680.00,1),
  (88,0,'2006-09-04','Cobro de la Venta #47',11120.00,1),
  (89,0,'2006-09-04','Cobro de la Venta #118',1225.00,1),
  (90,0,'2006-09-04','Cobro de la Venta #91',2184.00,1),
  (91,0,'2006-09-04','Cobro de la Venta #238',2180.00,1),
  (92,0,'2006-09-04','Cobro de la Venta #173',23014.50,1),
  (93,0,'2006-09-04','Cobro de la Venta #92',2409.00,1),
  (94,0,'2006-09-04','Cobro de la Venta #43',13959.00,1),
  (95,0,'2006-09-04','Cobro de la Venta #278',20225.00,1),
  (96,0,'2006-09-04','Cobro de la Venta #280',3519.50,1),
  (97,0,'2006-09-04','Cobro de la Venta #281',4436.00,1),
  (98,0,'2006-09-04','Cobro de la Venta #235',136.00,1),
  (99,0,'2006-09-04','Cobro de la Venta #175',4320.00,1),
  (100,0,'2006-09-04','Cobro de la Venta #275',3700.00,1),
  (101,0,'2006-09-04','Cobro de la Venta #272',7326.00,1),
  (102,0,'2006-09-04','Cobro de la Venta #12',4376.00,1),
  (103,0,'2006-09-04','Cobro de la Venta #125',4931.00,1),
  (104,0,'2006-09-04','Cobro de la Venta #149',1469.00,1),
  (105,0,'2006-09-05','Cobro de la Venta #119',10000.00,1),
  (106,0,'2006-09-05','Cobro de la Venta #246',1500.00,1),
  (107,0,'2006-09-05','Cobro de la Venta #147',7445.00,1),
  (108,0,'2006-09-05','Cobro de la Venta #114',3900.00,1),
  (109,0,'2006-09-05','Cobro de la Venta #23',4991.00,1),
  (110,0,'2006-09-05','Cobro de la Venta #60',169.20,1),
  (111,0,'2006-09-05','Cobro de la Venta #86',1347.20,1),
  (112,0,'2006-09-05','Cobro de la Venta #128',507.00,1),
  (113,0,'2006-09-05','Cobro de la Venta #102',9162.00,1),
  (114,0,'2006-09-05','Cobro de la Venta #146',5871.00,1),
  (115,0,'2006-09-05','Cobro de la Venta #176',10317.00,1),
  (116,0,'2006-09-05','Cobro de la Venta #273',665.00,1),
  (117,0,'2006-09-05','Cobro de la Venta #211',4174.00,1),
  (118,0,'2006-09-05','Cobro de la Venta #179',3297.00,1),
  (119,0,'2006-09-05','Cobro de la Venta #213',604.00,1),
  (120,0,'2006-09-05','Cobro de la Venta #122',4844.20,1),
  (121,0,'2006-09-05','Cobro de la Venta #25',4330.00,1),
  (122,0,'2006-09-05','Cobro de la Venta #249',193.00,1),
  (123,0,'2006-09-05','Cobro de la Venta #223',294.00,1),
  (124,0,'2006-09-05','Cobro de la Venta #285',419.00,1),
  (125,0,'2006-09-05','Cobro de la Venta #194',2000.00,1),
  (126,0,'2006-09-05','Cobro de la Venta #14',19613.00,1),
  (127,0,'2006-09-05','Cobro de la Venta #57',6980.00,1),
  (128,0,'2006-09-05','Cobro de la Venta #203',9975.00,1),
  (129,0,'2006-09-05','Cobro de la Venta #271',2600.00,1),
  (130,0,'2006-09-05','Cobro de la Venta #185',1607.00,1),
  (131,0,'2006-09-05','Cobro de la Venta #247',944.00,1),
  (132,0,'2006-09-05','Cobro de la Venta #279',74.00,1),
  (133,0,'2006-09-05','Cobro de la Venta #251',920.00,1),
  (134,0,'2006-09-05','Cobro de la Venta #289',157.00,1),
  (135,0,'2006-09-05','Cobro de la Venta #288',2825.20,1),
  (136,0,'2006-09-05','Cobro de la Venta #286',332.00,1),
  (137,0,'2006-09-05','Cobro de la Venta #316',19993.00,1),
  (138,0,'2006-09-06','Cobro de la Venta #321',1500.00,1),
  (139,0,'2006-09-06','Cobro de la Venta #105',1885.00,1),
  (140,0,'2006-09-06','Cobro de la Venta #252',95.50,1),
  (141,0,'2006-09-06','Cobro de la Venta #110',3391.20,1),
  (142,0,'2006-09-06','Cobro de la Venta #282',2600.00,1),
  (143,0,'2006-09-06','Cobro de la Venta #215',1650.00,1),
  (144,0,'2006-09-06','Cobro de la Venta #234',2097.00,1),
  (145,0,'2006-09-06','Cobro de la Venta #239',13126.00,1),
  (146,0,'2006-09-06','Cobro de la Venta #276',1650.00,1),
  (147,0,'2006-09-06','Cobro de la Venta #317',1189.00,1),
  (148,0,'2006-09-06','Cobro de la Venta #257',7400.00,1),
  (149,0,'2006-09-06','Cobro de la Venta #188',1490.00,1),
  (150,0,'2006-09-06','Cobro de la Venta #112',10000.00,1),
  (151,0,'2006-09-06','Cobro de la Venta #201',2105.00,1),
  (152,0,'2006-09-06','Cobro de la Venta #167',10720.00,1),
  (153,0,'2006-09-06','Cobro de la Venta #168',1352.00,1),
  (154,0,'2006-09-06','Cobro de la Venta #194',1200.00,1),
  (155,0,'2006-09-06','Cobro de la Venta #205',1345.00,1),
  (156,0,'2006-09-06','Cobro de la Venta #216',2600.00,1),
  (157,0,'2006-09-06','Cobro de la Venta #267',2265.00,1),
  (158,0,'2006-09-06','Cobro de la Venta #277',4485.00,1),
  (159,0,'2006-09-06','Cobro de la Venta #295',2404.00,1),
  (160,0,'2006-09-06','Cobro de la Venta #296',377.00,1),
  (161,0,'2006-09-06','Cobro de la Venta #28',3107.00,1),
  (162,0,'2006-09-06','Cobro de la Venta #29',3914.00,1),
  (163,0,'2006-09-06','Cobro de la Venta #51',24192.00,1),
  (164,0,'2006-09-06','Cobro de la Venta #66',1222.00,1),
  (165,0,'2006-09-06','Cobro de la Venta #121',906.00,1),
  (166,0,'2006-09-06','Cobro de la Venta #155',4451.00,1),
  (167,0,'2006-09-06','Cobro de la Venta #162',4290.00,1),
  (168,0,'2006-09-06','Cobro de la Venta #208',1632.00,1),
  (169,0,'2006-09-06','Cobro de la Venta #85',3700.00,1),
  (170,0,'2006-09-06','Cobro de la Venta #100',8855.00,1),
  (171,0,'2006-09-06','Cobro de la Venta #145',5675.00,1),
  (172,0,'2006-09-06','Cobro de la Venta #274',10201.00,1),
  (173,0,'2006-09-06','Cobro de la Venta #331',2354.00,1),
  (174,0,'2006-09-06','Cobro de la Venta #48',1580.00,1),
  (175,0,'2006-09-06','Cobro de la Venta #333',4003.00,1),
  (176,0,'2006-09-06','Cobro de la Venta #332',7360.00,1),
  (177,0,'2006-09-06','Cobro de la Venta #62',17249.00,1),
  (178,0,'2006-09-06','Cobro de la Venta #335',2751.00,1),
  (179,0,'2006-09-06','Cobro de la Venta #334',2780.00,1),
  (180,0,'2006-09-06','Cobro de la Venta #347',4830.00,1),
  (181,0,'2006-09-06','Cobro de la Venta #350',62.50,1),
  (182,0,'2006-09-07','Cobro de la Venta #22',1300.00,1),
  (183,0,'2006-09-07','Cobro de la Venta #55',4930.00,1),
  (184,0,'2006-09-07','Cobro de la Venta #255',2317.00,1),
  (185,0,'2006-09-07','Cobro de la Venta #212',3920.00,1),
  (186,0,'2006-09-07','Cobro de la Venta #143',14818.00,1),
  (187,0,'2006-09-07','Cobro de la Venta #260',4322.00,1),
  (188,0,'2006-09-07','Cobro de la Venta #194',1000.00,1),
  (189,0,'2006-09-07','Cobro de la Venta #293',1500.00,1),
  (190,0,'2006-09-07','Cobro de la Venta #329',36000.00,1),
  (191,0,'2006-09-07','Cobro de la Venta #17',7441.00,1),
  (192,0,'2006-09-07','Cobro de la Venta #362',1500.00,1),
  (193,0,'2006-09-07','Cobro de la Venta #116',80400.00,1),
  (194,0,'2006-09-07','Cobro de la Venta #158',2795.00,1),
  (195,0,'2006-09-07','Cobro de la Venta #200',10400.00,1),
  (196,0,'2006-09-07','Cobro de la Venta #153',2500.00,1),
  (197,0,'2006-09-07','Cobro de la Venta #298',1500.00,1),
  (198,0,'2006-09-07','Cobro de la Venta #364',320.00,1),
  (199,0,'2006-09-07','Cobro de la Venta #312',4684.00,1),
  (200,0,'2006-09-07','Cobro de la Venta #224',4110.00,1),
  (201,0,'2006-09-07','Cobro de la Venta #391',18140.00,1),
  (202,0,'2006-09-07','Cobro de la Venta #367',6212.00,1),
  (203,0,'2006-09-07','Cobro de la Venta #325',6660.00,1),
  (204,0,'2006-09-07','Cobro de la Venta #390',35700.40,1),
  (205,0,'2006-09-07','Cobro de la Venta #407',9400.00,1),
  (206,0,'2006-09-07','Cobro de la Venta #410',30000.00,1),
  (207,0,'2006-09-08','Cobro de la Venta #376',4157.00,1),
  (208,0,'2006-09-08','Cobro de la Venta #17',9013.50,1),
  (209,0,'2006-09-08','Cobro de la Venta #76',3577.60,1),
  (210,0,'2006-09-08','Cobro de la Venta #108',471.00,1),
  (211,0,'2006-09-08','Cobro de la Venta #408',1500.00,1),
  (212,0,'2006-09-08','Cobro de la Venta #153',640.00,1),
  (213,0,'2006-09-08','Cobro de la Venta #236',2000.00,1),
  (214,0,'2006-09-08','Cobro de la Venta #363',1797.00,1),
  (215,0,'2006-09-08','Cobro de la Venta #292',12385.00,1),
  (216,0,'2006-09-08','Cobro de la Venta #394',445.00,1),
  (217,0,'2006-09-08','Cobro de la Venta #317',5141.00,1),
  (218,0,'2006-09-08','Cobro de la Venta #355',4100.00,1),
  (219,0,'2006-09-08','Cobro de la Venta #290',3000.00,1),
  (220,0,'2006-09-08','Cobro de la Venta #287',692.00,1),
  (221,0,'2006-09-08','Cobro de la Venta #328',3640.00,1),
  (222,0,'2006-09-08','Cobro de la Venta #120',1570.00,1),
  (223,0,'2006-09-08','Cobro de la Venta #194',1500.00,1),
  (224,0,'2006-09-08','Cobro de la Venta #260',6916.00,1),
  (225,0,'2006-09-08','Cobro de la Venta #263',5000.00,1),
  (226,0,'2006-09-08','Cobro de la Venta #293',1000.00,1),
  (227,0,'2006-09-08','Cobro de la Venta #305',1175.00,1),
  (228,0,'2006-09-08','Cobro de la Venta #340',628.50,1),
  (229,0,'2006-09-08','Cobro de la Venta #387',500.00,1),
  (230,0,'2006-09-08','Cobro de la Venta #386',1158.00,1),
  (231,0,'2006-09-08','Cobro de la Venta #393',39530.00,1),
  (232,0,'2006-09-08','Cobro de la Venta #19',445.00,1),
  (233,0,'2006-09-08','Cobro de la Venta #84',17730.00,1),
  (234,0,'2006-09-08','Cobro de la Venta #94',1300.00,1),
  (235,0,'2006-09-08','Cobro de la Venta #139',5065.00,1),
  (236,0,'2006-09-08','Cobro de la Venta #330',20437.00,1),
  (237,0,'2006-09-08','Cobro de la Venta #449',10967.00,1),
  (238,0,'2006-09-08','Cobro de la Venta #452',1320.00,1),
  (239,0,'2006-09-09','Cobro de la Venta #140',1500.00,1),
  (240,0,'2006-09-09','Cobro de la Venta #194',1000.00,1),
  (241,0,'2006-09-09','Cobro de la Venta #260',7000.00,1),
  (242,0,'2006-09-09','Cobro de la Venta #311',2960.00,1),
  (243,0,'2006-09-09','Cobro de la Venta #369',2440.00,1),
  (244,0,'2006-09-09','Cobro de la Venta #387',254.00,1),
  (245,0,'2006-09-09','Cobro de la Venta #375',2000.00,1),
  (246,0,'2006-09-09','Cobro de la Venta #412',1125.00,1),
  (247,0,'2006-09-09','Cobro de la Venta #434',9420.00,1),
  (248,0,'2006-09-09','Cobro de la Venta #16',2436.40,1),
  (249,0,'2006-09-09','Cobro de la Venta #82',785.00,1),
  (250,0,'2006-09-09','Cobro de la Venta #54',5974.00,1),
  (251,0,'2006-09-09','Cobro de la Venta #108',13000.00,1),
  (252,0,'2006-09-09','Cobro de la Venta #428',1500.00,1),
  (253,0,'2006-09-09','Cobro de la Venta #198',26990.00,1),
  (254,0,'2006-09-09','Cobro de la Venta #220',1680.00,1),
  (255,0,'2006-09-09','Cobro de la Venta #236',3000.00,1),
  (256,0,'2006-09-09','Cobro de la Venta #290',1700.00,1),
  (257,0,'2006-09-09','Cobro de la Venta #87',2738.00,1),
  (258,0,'2006-09-09','Cobro de la Venta #264',8881.00,1),
  (259,0,'2006-09-09','Cobro de la Venta #298',2200.00,1),
  (260,0,'2006-09-09','Cobro de la Venta #336',2510.00,1),
  (261,0,'2006-09-09','Cobro de la Venta #396',3000.00,1),
  (262,0,'2006-09-09','Cobro de la Venta #403',3900.00,1),
  (263,0,'2006-09-09','Cobro de la Venta #164',5395.00,1),
  (264,0,'2006-09-09','Cobro de la Venta #56',12576.00,1),
  (265,0,'2006-09-09','Cobro de la Venta #32',2600.00,1),
  (266,0,'2006-09-09','Cobro de la Venta #423',4138.40,1),
  (267,0,'2006-09-09','Cobro de la Venta #214',22176.00,1),
  (268,0,'2006-09-09','Cobro de la Venta #453',2824.00,1),
  (269,0,'2006-09-09','Cobro de la Venta #478',507.60,1),
  (270,0,'2006-09-09','Cobro de la Venta #479',10282.00,1),
  (271,0,'2006-09-09','Cobro de la Venta #499',4869.00,1),
  (272,0,'2006-09-10','Cobro de la Venta #113',6366.00,1),
  (273,0,'2006-09-10','Cobro de la Venta #169',5995.00,1),
  (274,0,'2006-09-10','Cobro de la Venta #210',3221.00,1),
  (275,0,'2006-09-10','Cobro de la Venta #270',1123.40,1),
  (276,0,'2006-09-10','Cobro de la Venta #313',7795.00,1),
  (277,0,'2006-09-10','Cobro de la Venta #346',4614.00,1),
  (278,0,'2006-09-10','Cobro de la Venta #140',2725.00,1),
  (279,0,'2006-09-10','Cobro de la Venta #161',5295.00,1),
  (280,0,'2006-09-10','Cobro de la Venta #194',1500.00,1),
  (281,0,'2006-09-10','Cobro de la Venta #260',7818.00,1),
  (282,0,'2006-09-10','Cobro de la Venta #397',2182.00,1),
  (283,0,'2006-09-10','Cobro de la Venta #293',4000.00,1),
  (284,0,'2006-09-10','Cobro de la Venta #400',845.00,1),
  (285,0,'2006-09-10','Cobro de la Venta #459',1273.00,1),
  (286,0,'2006-09-10','Cobro de la Venta #462',864.00,1),
  (287,0,'2006-09-10','Cobro de la Venta #302',3050.00,1),
  (288,0,'2006-09-10','Cobro de la Venta #383',4000.00,1),
  (289,0,'2006-09-10','Cobro de la Venta #108',3988.00,1),
  (290,0,'2006-09-10','Cobro de la Venta #136',9012.00,1),
  (291,0,'2006-09-10','Cobro de la Venta #467',1480.00,1),
  (292,0,'2006-09-10','Cobro de la Venta #115',6170.00,1),
  (293,0,'2006-09-10','Cobro de la Venta #290',2000.00,1),
  (294,0,'2006-09-10','Cobro de la Venta #342',3986.00,1),
  (295,0,'2006-09-10','Cobro de la Venta #382',894.00,1),
  (296,0,'2006-09-10','Cobro de la Venta #427',2885.00,1),
  (297,0,'2006-09-10','Cobro de la Venta #396',4136.00,1),
  (298,0,'2006-09-10','Cobro de la Venta #432',2730.00,1),
  (299,0,'2006-09-10','Cobro de la Venta #417',3523.00,1),
  (300,0,'2006-09-10','Cobro de la Venta #448',1260.00,1),
  (301,0,'2006-09-10','Cobro de la Venta #368',740.00,1),
  (302,0,'2006-09-10','Cobro de la Venta #447',242.00,1),
  (303,0,'2006-09-11','Cobro de la Venta #505',110.00,1),
  (304,0,'2006-09-11','Cobro de la Venta #506',2600.00,1);

COMMIT;

#
# Data for the `linea` table  (LIMIT 0,500)
#

# clave:254:0
# nombre:253:0

INSERT INTO `linea` (`clave`, `nombre`) VALUES 
  ('lec','leche'),
  ('yog','yogurth'),
  ('mar','margarina'),
  ('man','mantequillas'),
  ('nar','naranjadas'),
  ('tos','tostadas'),
  ('pos','postre'),
  ('cre','crema'),
  ('gel','gelatina'),
  ('beb','bebida'),
  ('que','queso'),
  ('cho','chorizo'),
  ('hue','huevo'),
  ('jam','jamon'),
  ('Pal','Palomitas'),
  ('sop','Sopa');

COMMIT;

#
# Data for the `marca` table  (LIMIT 0,500)
#

# clave:254:0
# nombre:253:0

INSERT INTO `marca` (`clave`, `nombre`) VALUES 
  ('lal','lala'),
  ('alp','alpura'),
  ('ibe','iberia'),
  ('chi','chipilo'),
  ('dan','danone'),
  ('cha','charra'),
  ('car','carioca'),
  ('ama','amarillo'),
  ('bon','bonafina'),
  ('ran','rancherita'),
  ('man','manchego'),
  ('rio','riojano'),
  ('gal','galicia'),
  ('bac','bachoco'),
  ('cot','cotija'),
  ('gin','gina'),
  ('raa','rancherito'),
  ('lca','lcastel'),
  ('pri','primavera chantilly'),
  ('fru','frutsy'),
  ('gen','generosa'),
  ('bot','botellin'),
  ('new','new mix'),
  ('Act','Act II'),
  ('glo','Gloria'),
  ('maa','Maruchan'),
  ('VIÑ','Viñareal');

COMMIT;

#
# Data for the `orden_compra` table  (LIMIT 0,500)
#

# claveOrden:3:49667
# claveProveedor:253:0
# fecha:10:128
# fechaEntrega:10:128
# observaciones:253:0
# descuento1:5:32768
# descuento2:5:32768
# descuento3:5:32768
# subtotal:5:32768
# descuento:5:32768
# iva:5:32768
# total:5:32768
# activo:3:32768
# factura:253:0
# Entrega:3:32768
# usuario:253:0
# pago:3:32768

INSERT INTO `orden_compra` (`claveOrden`, `claveProveedor`, `fecha`, `fechaEntrega`, `observaciones`, `descuento1`, `descuento2`, `descuento3`, `subtotal`, `descuento`, `iva`, `total`, `activo`, `factura`, `Entrega`, `usuario`, `pago`) VALUES 
  (1,'UNI9704247M2','2006-08-29','2006-08-29','',0.00,0.00,0.00,69523.60,69523.60,0.00,69523.60,1,'35425',2,'bety',1),
  (2,'MEG0202151X5','2006-08-29','2006-08-29','',0.00,0.00,0.00,149867.76,149867.76,0.00,149867.76,1,'p',2,'bety',2),
  (3,'Galdino','2006-08-29','2006-08-29','',0.00,0.00,0.00,50440.00,50440.00,0.00,50440.00,1,'s/n',2,'bety',2),
  (4,'MEG0202151X5','2006-08-29','2006-08-29','',0.00,0.00,0.00,17768.00,17768.00,0.00,17768.00,0,'0',0,'piero',0),
  (5,'Galdino','2006-08-30','2006-08-30','',0.00,0.00,0.00,55208.00,55208.00,0.00,55208.00,1,'s/n',2,'bety',2),
  (6,'CLD0507145H6','2006-08-30','2006-08-30','',0.00,0.00,0.00,14920.00,14920.00,0.00,14920.00,1,'7471',2,'bety',2),
  (7,'CLD0507145H6','2006-08-30','2006-08-30','',0.00,0.00,0.00,4476.00,4476.00,0.00,4476.00,1,'7511',2,'bety',2),
  (8,'Ricardo','2006-08-30','2006-08-30','',0.00,0.00,0.00,83027.17,83027.17,0.00,83027.17,1,'s/n',2,'bety',2),
  (9,'Carioca','2006-08-30','2006-08-30','',0.00,0.00,0.00,19000.00,19000.00,0.00,19000.00,1,'2117',2,'bety',1),
  (10,'Ricardo','2006-08-31','2006-08-31','',0.00,0.00,0.00,35044.26,35044.26,0.00,35044.26,1,'s/n',2,'bety',2),
  (11,'TNI920507GB8','2006-08-31','2006-08-31','',0.00,0.00,0.00,21816.00,21816.00,0.00,21816.00,1,'PEND',2,'bety',2),
  (12,'MEG0202151X5','2006-08-31','2006-08-31','',0.00,0.00,0.00,158733.32,158733.32,0.00,158733.32,1,'PEND',2,'bety',2),
  (13,'Texana','2006-08-31','2006-08-31','',0.00,0.00,0.00,75400.00,75400.00,0.00,75400.00,1,'0200',2,'bety',0),
  (14,'DCL0402164N0','2006-08-31','2006-08-31','',0.00,0.00,0.00,68817.60,68817.60,0.00,68817.60,1,'20953',2,'bety',2),
  (15,'MEG0202151X5','2006-08-31','2006-08-31','',0.00,0.00,0.00,3553.60,3553.60,0.00,3553.60,1,'41715',2,'bety',2),
  (16,'UNI9704247M2','2006-09-01','2006-09-01','000',0.00,0.00,0.00,109341.00,109341.00,0.00,109341.00,1,'35650',2,'bety',2),
  (17,'UNI9704247M2','2006-09-01','2006-09-01','',0.00,0.00,0.00,62752.60,62752.60,0.00,62752.60,1,'35648',2,'bety',2),
  (18,'CLD0507145H6','2006-09-01','2006-09-01','',0.00,0.00,0.00,30972.00,30972.00,0.00,30972.00,1,'pen',2,'bety',2),
  (19,'Galdino','2006-09-01','2006-09-01','',0.00,0.00,0.00,7869.00,7869.00,0.00,7869.00,1,'s/n',2,'bety',2),
  (20,'MEG0202151X5','2006-09-01','2006-09-01','',0.00,0.00,0.00,57560.80,57560.80,0.00,57560.80,1,'41749',2,'bety',2),
  (21,'TNI920507GB8','2006-09-02','2006-09-02','',0.00,0.00,0.00,81155.52,81155.52,0.00,81155.52,1,'wc3171',2,'piero',2),
  (22,'UNI9704247M2','2006-09-02','2006-09-02','',4.00,0.00,0.00,648882.00,622926.72,0.00,622926.72,1,'35660',2,'piero',0),
  (23,'MEG0202151X5','2006-09-02','2006-09-02','',0.00,0.00,0.00,38508.84,38508.84,0.00,38508.84,1,'41788',2,'piero',2),
  (24,'DCL0402164N0','2006-09-02','2006-09-02','',0.00,0.00,0.00,102056.00,102056.00,0.00,102056.00,1,'20980',2,'piero',2),
  (25,'Carioca','2006-09-04','2006-09-04','',0.00,0.00,0.00,14250.00,14250.00,0.00,14250.00,1,'pen',2,'bety',2),
  (26,'MEG0202151X5','2006-09-04','2006-09-04','',0.00,0.00,0.00,55297.30,55297.30,0.00,55297.30,1,'41822',2,'bety',1),
  (27,'UNI9704247M2','2006-09-05','2006-09-05','',4.00,0.00,0.00,61687.60,59220.10,0.00,59220.10,0,'0',0,'bety',0),
  (28,'UNI9704247M2','2006-09-05','2006-09-05','',0.00,0.00,0.00,61687.60,61687.60,0.00,61687.60,1,'35832',2,'bety',0),
  (29,'TNI920507GB8','2006-09-05','2006-09-05','',0.00,0.00,0.00,172782.72,172782.72,0.00,172782.72,1,'PEN',2,'SALVADOR',0),
  (30,'Galdino','2006-09-05','2006-09-05','',0.00,0.00,0.00,15250.00,15250.00,0.00,15250.00,1,'rem',2,'SALVADOR',0),
  (31,'Palomas','2006-09-05','2006-09-05','',0.00,0.00,0.00,6300.00,6300.00,0.00,6300.00,1,'rem',2,'SALVADOR',2),
  (32,'MEG0202151X5','2006-09-05','2006-09-05','',0.00,0.00,0.00,37779.83,37779.83,0.00,37779.83,1,'41865',2,'piero',2),
  (33,'CLD0507145H6','2006-09-06','2006-09-06','',0.00,0.00,0.00,8971.20,8971.20,0.00,8971.20,1,'pendiente',2,'bety',2),
  (34,'MEG0202151X5','2006-09-06','2006-09-06','',0.00,0.00,0.00,140186.50,140186.50,0.00,140186.50,1,'41899',2,'bety',2),
  (35,'Ricardo','2006-09-06','2006-09-06','',0.00,0.00,0.00,26596.00,26596.00,0.00,26596.00,1,'rem',2,'salvador',2),
  (36,'MEG0202151X5','2006-09-07','2006-09-07','',0.00,0.00,0.00,76920.20,76920.20,0.00,76920.20,1,'41922',2,'bety',2),
  (37,'DCL0402164N0','2006-09-07','2006-09-07','',0.00,0.00,0.00,60500.00,60500.00,0.00,60500.00,1,'21020',2,'SALVADOR',2),
  (38,'CLD0507145H6','2006-09-07','2006-09-07','',0.00,0.00,0.00,125465.60,125465.60,0.00,125465.60,1,'pendiente',2,'bety',2),
  (39,'Galdino','2006-09-07','2006-09-07','',0.00,0.00,0.00,18000.00,18000.00,0.00,18000.00,1,'s/n',2,'bety',0),
  (40,'UNI9704247M2','2006-09-07','2006-09-07','',0.00,0.00,0.00,11200.00,11200.00,0.00,11200.00,1,'35948',2,'bety',0),
  (41,'UNI9704247M2','2006-09-07','2006-09-07','',0.00,0.00,0.00,32138.80,32138.80,0.00,32138.80,1,'35946',2,'bety',2),
  (42,'Carioca','2006-09-07','2006-09-07','',0.00,0.00,0.00,21850.00,21850.00,0.00,21850.00,1,'s/n',2,'bety',2),
  (43,'Galdino','2006-09-08','2006-09-08','',0.00,0.00,0.00,14030.00,14030.00,0.00,14030.00,1,'remision',2,'bety',0),
  (44,'Palomas','2006-09-08','2006-09-08','',0.00,0.00,0.00,6300.00,6300.00,0.00,6300.00,1,'remision',2,'bety',0),
  (45,'TNI920507GB8','2006-09-08','2006-09-08','',0.00,0.00,0.00,168128.64,168128.64,0.00,168128.64,1,'3211',2,'bety',0),
  (46,'MEG0202151X5','2006-09-08','2006-09-08','',0.00,0.00,0.00,20659.32,20659.32,0.00,20659.32,1,'41962',2,'salvador',2),
  (47,'UNI9704247M2','2006-09-09','2006-09-09','',0.00,0.00,0.00,48006.00,48006.00,0.00,48006.00,1,'36088',2,'piero',0),
  (48,'UNI9704247M2','2006-09-09','2006-09-09','',0.00,0.00,0.00,52940.79,52940.79,0.00,52940.79,1,'36086',2,'piero',0),
  (49,'MEG0202151X5','2006-09-09','2006-09-09','',0.00,0.00,0.00,18434.71,18434.71,0.00,18434.71,1,'42003',2,'piero',2),
  (50,'UNI9704247M2','2006-09-09','2006-09-09','',0.00,0.00,0.00,12916.80,12916.80,0.00,12916.80,1,'36058',2,'piero',0),
  (51,'DCL0402164N0','2006-09-09','2006-09-09','',0.00,0.00,0.00,56040.00,56040.00,0.00,56040.00,1,'21054',2,'piero',2),
  (52,'Ricardo','2006-09-09','2006-09-09','',0.00,0.00,0.00,37576.00,37576.00,0.00,37576.00,1,'rem',2,'piero',0),
  (53,'Calderon','2006-09-11','2006-09-11','',0.00,0.00,0.00,168200.00,168200.00,0.00,168200.00,1,'remision',2,'bety',1);

COMMIT;

#
# Data for the `pagos` table  (LIMIT 0,500)
#

# consecutivo:3:49667
# claveOrden:3:32768
# claveProveedor:253:0
# fechaPago:10:128
# monto:5:32768
# formaPago:3:32768
# numeroCheque:3:32768
# bancoCuenta:3:32768
# activo:3:32768

INSERT INTO `pagos` (`consecutivo`, `claveOrden`, `claveProveedor`, `fechaPago`, `monto`, `formaPago`, `numeroCheque`, `bancoCuenta`, `activo`) VALUES 
  (1,2,'MEG0202151X5','2006-08-29',149867.76,1,0,0,1),
  (2,3,'Galdino','2006-08-29',50440.00,1,0,0,1),
  (3,5,'Galdino','2006-08-30',55208.00,1,0,0,1),
  (4,8,'Ricardo','2006-08-30',83027.17,1,0,0,1),
  (5,9,'Carioca','2006-08-30',19000.00,2,0,0,1),
  (6,7,'CLD0507145H6','2006-08-31',4476.00,2,0,0,1),
  (7,6,'CLD0507145H6','2006-08-31',14920.00,2,0,0,1),
  (8,10,'Ricardo','2006-08-31',35044.26,1,0,0,1),
  (9,14,'DCL0402164N0','2006-08-31',68817.60,2,1981,0,1),
  (10,12,'MEG0202151X5','2006-09-01',158733.32,1,0,0,1),
  (11,15,'MEG0202151X5','2006-09-01',3553.60,1,0,0,1),
  (12,19,'Galdino','2006-09-01',7869.00,1,0,0,1),
  (13,20,'MEG0202151X5','2006-09-01',57560.80,2,1986,0,0),
  (14,20,'MEG0202151X5','2006-09-01',57560.80,2,0,0,1),
  (15,23,'MEG0202151X5','2006-09-02',38508.84,2,1987,0,0),
  (16,23,'MEG0202151X5','2006-09-02',38508.84,2,1987,0,1),
  (17,18,'CLD0507145H6','2006-09-08',30972.00,2,1988,0,1),
  (18,26,'MEG0202151X5','2006-09-04',55297.27,2,1989,0,1),
  (19,26,'MEG0202151X5','2006-09-04',0.03,1,0,0,1),
  (20,24,'DCL0402164N0','2006-09-04',102056.00,2,1990,0,1),
  (21,25,'Carioca','2006-09-04',14250.00,2,1991,0,1),
  (22,32,'MEG0202151X5','2006-09-05',37779.80,1,0,0,0),
  (23,32,'MEG0202151X5','2006-09-08',37779.80,2,1992,0,1),
  (24,32,'MEG0202151X5','2006-09-05',0.03,1,0,0,1),
  (25,1,'UNI9704247M2','2006-09-07',68433.70,2,1993,0,1),
  (26,1,'UNI9704247M2','2006-09-06',1089.90,1,0,0,1),
  (27,21,'TNI920507GB8','2006-09-30',81155.52,2,1997,0,1),
  (28,11,'TNI920507GB8','2006-09-30',21816.00,2,1999,0,1),
  (29,33,'CLD0507145H6','2006-09-07',8971.20,2,2000,0,1),
  (30,35,'Ricardo','2006-09-06',2780.00,1,0,0,1),
  (31,34,'MEG0202151X5','2006-09-09',140186.43,2,2001,0,1),
  (32,34,'MEG0202151X5','2006-09-07',0.07,1,0,0,1),
  (33,17,'UNI9704247M2','2006-09-07',60909.40,2,2002,0,1),
  (34,17,'UNI9704247M2','2006-09-07',1843.20,1,0,0,1),
  (35,16,'UNI9704247M2','2006-09-09',103379.95,2,2003,0,1),
  (36,16,'UNI9704247M2','2006-09-07',5961.05,1,0,0,1),
  (37,35,'Ricardo','2006-09-07',23816.00,1,0,0,1),
  (38,36,'MEG0202151X5','2006-09-09',76920.20,2,2004,0,1),
  (39,37,'DCL0402164N0','2006-09-07',60500.00,2,2005,0,1),
  (40,41,'UNI9704247M2','2006-09-07',32138.80,1,0,0,1),
  (41,42,'Carioca','2006-09-07',21850.00,2,2006,0,1),
  (42,38,'CLD0507145H6','2006-09-07',124071.00,2,2007,0,1),
  (43,38,'CLD0507145H6','2006-09-07',1394.60,1,0,0,1),
  (44,31,'Palomas','2006-09-08',6300.00,1,0,0,1),
  (45,46,'MEG0202151X5','2006-09-11',20659.32,2,2008,0,1),
  (46,49,'MEG0202151X5','2006-09-09',18434.71,2,2009,0,1),
  (47,51,'DCL0402164N0','2006-09-11',56040.00,2,2010,0,1),
  (48,53,'Calderon','2006-09-11',155100.00,1,0,0,1);

COMMIT;

#
# Data for the `precio_anterior_producto` table  (LIMIT 0,500)
#

# claveProducto:253:0
# claveOrden:3:32768
# precioAnterior:5:32768
# precioCompra:5:32768

INSERT INTO `precio_anterior_producto` (`claveProducto`, `claveOrden`, `precioAnterior`, `precioCompra`) VALUES 
  ('crealp02',3,257.11,260.00),
  ('crealp03',3,257.11,260.00),
  ('crealp02',5,260.00,268.00),
  ('crealp03',5,260.00,268.00),
  ('crelal04',6,304.00,298.40),
  ('crelal04',6,301.20,298.40),
  ('crelal04',7,299.80,298.40),
  ('crealp01',8,114.70,115.19),
  ('crealp02',8,264.00,261.00),
  ('crealp03',8,264.00,261.00),
  ('crealp01',10,114.95,113.53),
  ('crealp02',10,262.50,261.00),
  ('yogalp01',14,59.00,58.50),
  ('crealp01',14,114.24,114.72),
  ('crealp02',14,261.75,256.80),
  ('yogalp01',24,58.75,59.00),
  ('crealp01',24,114.48,115.60),
  ('crealp02',24,259.27,258.00),
  ('crealp03',24,262.50,258.00),
  ('yogdan03',35,125.47,122.00),
  ('yogdan03',36,123.74,125.46),
  ('yogdan05',36,177.68,177.69),
  ('yogalp01',37,58.88,59.50),
  ('crealp03',37,260.25,258.00),
  ('posdan02',43,125.28,122.00),
  ('yogdan05',49,177.69,177.68),
  ('crealp01',51,115.04,115.60),
  ('crealp02',51,258.64,258.00),
  ('crealp03',51,259.13,258.00),
  ('yogdan03',52,124.60,122.00),
  ('crealp01',53,115.32,121.00),
  ('crealp02',53,258.32,270.00),
  ('crealp03',53,258.57,270.00),
  ('yogalp01',53,59.19,60.00);

COMMIT;

#
# Data for the `producto_obsequio` table  (LIMIT 0,500)
#

# claveproducto:253:16391
# existencia:5:32768

INSERT INTO `producto_obsequio` (`claveproducto`, `existencia`) VALUES 
  ('yogdan05',0.000);

COMMIT;

#
# Data for the `productos` table  (LIMIT 0,500)
#

# claveProducto:253:0
# linea:254:0
# marca:254:0
# tipo:3:32768
# proveedor1:253:0
# proveedor2:253:0
# proveedor3:253:0
# proveedor4:253:0
# proveedor5:253:0
# descripcion:253:0
# costo:5:32768
# precio1:5:32768
# precio2:5:32768
# precio3:5:32768
# precio4:5:32768
# precio5:5:32768
# maximo:5:32768
# minimo:5:32768
# existencia:5:32768
# piezasXcaja:5:32768
# activo:3:32768
# iva:3:32768

INSERT INTO `productos` (`claveProducto`, `linea`, `marca`, `tipo`, `proveedor1`, `proveedor2`, `proveedor3`, `proveedor4`, `proveedor5`, `descripcion`, `costo`, `precio1`, `precio2`, `precio3`, `precio4`, `precio5`, `maximo`, `minimo`, `existencia`, `piezasXcaja`, `activo`, `iva`) VALUES 
  ('leclal01','lec','lal',1,'Ricardo','0','0','0','0','Leche Entera Tetrapac',95.00,98.00,100.00,101.00,103.00,103.00,200.000,50.000,0.000,12.000,1,0),
  ('crealp01','cre','alp',1,'Joaquin','Ricardo','0','0','0',' acida 250 gr.',118.16,116.00,116.80,117.00,117.00,123.00,800.000,50.000,194.000,0.000,1,0),
  ('yogalp01','yog','alp',1,'Joaquin','Calderon','0','0','0','de200gr',59.60,60.00,60.50,61.00,62.00,62.50,1500.000,50.000,1077.000,0.000,1,0),
  ('crealp02','cre','alp',1,'Joaquin','Ricardo','0','0','0',' acida 450 gr.',264.16,260.00,261.80,262.00,278.00,275.00,600.000,50.000,195.000,0.000,1,0),
  ('crealp03','cre','alp',1,'Galdino','Ricardo','0','0','0',' acida 900gr.',264.29,260.00,261.80,262.00,275.00,278.00,250.000,50.000,198.000,0.000,1,0),
  ('toscha01','tos','cha',1,'TNI920507GB8','0','0','0','0','con 18 pz',145.44,147.50,148.00,149.00,150.00,150.00,1500.000,50.000,508.000,18.000,1,0),
  ('toscar01','tos','car',1,'Carioca','0','0','0','0','con 24pz',95.00,100.00,100.00,100.00,100.00,100.00,400.000,10.000,0.000,24.000,1,0),
  ('yogdan01','yog','dan',1,'MEG0202151X5','0','0','0','0','fruix con cereal 151gr',89.80,90.00,92.00,93.00,95.00,95.00,600.000,50.000,0.000,24.000,1,0),
  ('yogdan02','yog','dan',1,'MEG0202151X5','0','0','0','0','danonino para beber 100gr',75.07,81.00,100.00,102.00,102.00,102.00,100.000,10.000,13.000,25.000,1,0),
  ('yogdan03','yog','dan',1,'MEG0202151X5','0','0','0','0','dan-up 250gr',123.30,129.00,130.00,131.00,132.00,143.00,1500.000,150.000,359.000,0.000,1,0),
  ('yogdan04','yog','dan',1,'MEG0202151X5','0','0','0','0','licuado250gr',146.16,158.00,158.00,158.00,158.00,158.00,10.000,2.000,0.000,28.000,1,0),
  ('yogdan05','yog','dan',1,'MEG0202151X5','0','0','0','0','danonino  180gr',177.69,181.00,182.00,183.00,184.00,184.00,2000.000,150.000,1.000,24.000,1,0),
  ('geldan01','gel','dan',1,'MEG0202151X5','0','0','0','0','dany sabores 125gr',106.43,112.00,113.00,115.00,115.00,115.00,300.000,30.000,12.000,48.000,1,0),
  ('posdan01','pos','dan',1,'MEG0202151X5','0','0','0','0','danette natilla 200gr',125.28,130.00,133.00,133.00,133.00,133.00,30.000,5.000,1.000,0.000,1,0),
  ('yogdan06','yog','dan',1,'MEG0202151X5','0','0','0','0','vitalinea para beber 250gr',156.51,168.00,168.00,168.00,168.00,169.00,60.000,10.000,11.000,0.000,1,0),
  ('yogdan07','yog','dan',1,'MEG0202151X5','0','0','0','0','vitalinea solido 150gr',179.61,190.00,190.00,190.00,190.00,190.00,5.000,2.000,0.000,48.000,1,0),
  ('yogdan08','yog','dan',1,'MEG0202151X5','0','0','0','0','activia solido 150gr',141.90,155.00,161.00,162.00,162.00,162.00,90.000,15.000,20.000,0.000,1,0),
  ('yogdan09','yog','dan',1,'MEG0202151X5','0','0','0','0','activia para beber 250gr',156.51,160.00,163.00,165.00,168.00,169.00,800.000,50.000,38.000,0.000,1,0),
  ('posdan02','pos','dan',1,'MEG0202151X5','0','0','0','0','flan danette 200gr',123.64,130.00,133.00,133.00,133.00,133.00,200.000,20.000,107.000,0.000,1,0),
  ('posdan03','pos','dan',1,'MEG0202151X5','0','0','0','0','arroz con leche 200gr',125.28,130.00,133.00,133.00,133.00,133.00,80.000,15.000,28.000,0.000,1,0),
  ('bebbon01','beb','bon',1,'UNI9704247M2','0','0','0','0','naranjada 900ml',83.00,89.00,89.00,89.00,89.00,90.00,700.000,50.000,169.000,20.000,1,0),
  ('bebbon02','beb','bon',1,'UNI9704247M2','0','0','0','0','naranjada 700ml',63.00,68.00,68.00,68.00,68.00,70.00,700.000,50.000,98.000,20.000,1,0),
  ('bebbon03','beb','bon',1,'UNI9704247M2','0','0','0','0','naranjada de plastico 1lt',90.00,96.00,96.00,96.00,96.00,98.00,250.000,20.000,110.000,20.000,1,0),
  ('bebbon04','beb','bon',1,'UNI9704247M2','0','0','0','0','naranjada shak',62.40,66.00,66.00,66.00,66.00,68.00,200.000,10.000,49.000,5.000,1,0),
  ('bebbon05','beb','bon',1,'UNI9704247M2','0','0','0','0','naranjada 3.750',80.00,86.00,86.00,86.00,86.00,86.00,35.000,5.000,46.000,6.000,1,0),
  ('creran01','cre','ran',1,'Joaquin','0','0','0','0','vegetal 900ml',126.70,132.00,135.00,138.00,138.00,138.00,30.000,5.000,68.000,12.000,1,0),
  ('queama01','que','ama',1,'UNI9704247M2','0','0','0','0','la provinciana de 1kg',104.20,107.00,108.00,110.00,112.00,112.00,500.000,50.000,0.000,10.000,0,0),
  ('cregin01','cre','gin',1,'UNI9704247M2','0','0','0','0','bolsa de 1kg',64.20,66.00,67.00,68.00,66.50,69.00,600.000,50.000,112.000,0.000,1,0),
  ('queama02','que','ama',1,'UNI9704247M2','0','0','0','0','rancherito rebanado 2kg',300.00,293.00,295.00,298.00,298.00,298.00,700.000,30.000,0.000,6.000,0,0),
  ('queraa01','que','raa',1,'UNI9704247M2','0','0','0','0','rebanado de 2kg',300.00,287.00,290.00,293.00,295.00,298.00,700.000,30.000,518.000,0.000,1,0),
  ('quechi01','que','chi',1,'UNI9704247M2','0','0','0','0','rebanado de 2kg',345.00,336.00,337.00,340.00,343.00,345.00,700.000,30.000,75.000,0.000,1,0),
  ('quelca01','que','lca',1,'UNI9704247M2','0','0','0','0','rebanado de 1.8kg',225.00,218.00,220.00,225.00,225.00,225.00,200.000,15.000,12.000,0.000,1,0),
  ('manchi01','man','chi',1,'UNI9704247M2','0','0','0','0','pura de 90gr',91.54,93.00,95.50,95.50,95.50,95.50,250.000,20.000,76.000,24.000,1,0),
  ('manchi02','man','chi',1,'UNI9704247M2','0','0','0','0','pura de 225gr',81.15,83.00,85.00,85.00,85.00,85.00,200.000,20.000,99.000,0.000,1,0),
  ('manchi03','man','chi',1,'UNI9704247M2','0','0','0','0','pura de 1kg',376.50,385.00,385.00,385.00,385.00,385.00,20.000,2.000,0.000,10.000,1,0),
  ('manchi04','man','chi',1,'UNI9704247M2','0','0','0','0','industial de 1kg',190.00,190.00,193.00,196.00,196.00,196.00,180.000,10.000,77.000,10.000,1,0),
  ('chorio01','cho','rio',2,'Retonito','0','0','0','0','por atado',32.00,38.00,38.00,38.00,38.00,38.00,2.000,0.000,0.000,0.000,1,0),
  ('yogbon01','yog','bon',1,'UNI9704247M2','0','0','0','0','para beber de 500ml',165.60,169.20,169.20,169.20,169.20,169.20,150.000,10.000,103.000,36.000,1,0),
  ('yogbon02','yog','bon',1,'UNI9704247M2','0','0','0','0','para beber de 1lt',153.00,160.00,160.00,160.00,160.00,160.00,35.000,5.000,34.000,0.000,1,0),
  ('crelal01','cre','lal',1,'CLD0507145H6','0','0','0','0','aciada de 200ml',106.80,107.00,108.00,108.50,109.00,110.00,250.000,30.000,48.000,24.000,1,0),
  ('crelal02','cre','lal',1,'CLD0507145H6','0','0','0','0','acida de 450ml',106.80,107.00,108.00,108.50,109.00,110.00,700.000,30.000,199.000,12.000,1,0),
  ('crelal03','cre','lal',1,'CLD0507145H6','0','0','0','0','acida de 900ml',106.80,107.00,108.00,108.50,109.00,110.00,1000.000,30.000,240.000,6.000,1,0),
  ('crelal04','cre','lal',1,'CLD0507145H6','0','0','0','0','acida de cubeta',299.10,306.00,310.00,314.00,314.00,320.00,150.000,5.000,10.000,4.000,1,0),
  ('maribe01','mar','ibe',1,'UNI9704247M2','0','0','0','0','sin sal de 90gr',75.50,76.00,76.50,77.00,77.50,77.50,8000.000,200.000,9433.000,0.000,1,0),
  ('maribe02','mar','ibe',1,'UNI9704247M2','0','0','0','0','sin sal 225 grs.',63.50,62.00,62.50,63.00,63.50,63.50,4500.000,200.000,676.000,0.000,1,0),
  ('maribe03','mar','ibe',1,'UNI9704247M2','0','0','0','0','sin sal de .500 grs.',145.33,146.00,146.50,147.00,147.50,148.00,200.000,10.000,18.000,10.000,1,0),
  ('maribe04','mar','ibe',1,'UNI9704247M2','0','0','0','0','sin sal de 1kl.',183.00,202.00,203.00,204.00,204.00,204.00,3000.000,100.000,932.000,0.000,1,0),
  ('manchi05','man','chi',1,'UNI9704247M2','0','0','0','0','pura de 500gr',301.00,325.00,325.00,325.00,325.00,325.00,10.000,0.000,0.000,10.000,1,0),
  ('marpri01','mar','pri',1,'UNI9704247M2','0','0','0','0','sin sal de190gr',80.00,81.50,82.00,83.00,84.00,85.00,2000.000,30.000,0.000,0.000,1,0),
  ('bebfru01','beb','fru',1,'Yordy','0','0','0','0','con 24pz.',36.50,39.50,40.00,41.00,41.00,41.00,5000.000,10.000,0.000,0.000,1,1),
  ('bebgen01','beb','gen',1,'Yordy','0','0','0','0','con 24pz',105.00,110.00,111.00,112.00,112.00,114.00,1000.000,10.000,0.000,24.000,1,1),
  ('bebbot01','beb','bot',1,'Yordy','0','0','0','0','con 24pz',66.08,80.00,81.00,82.00,83.00,84.00,500.000,10.000,0.000,24.000,1,1),
  ('quecot01','que','cot',1,'Candido','0','0','0','0','29 kg aprox.',32.00,32.50,33.00,33.50,34.00,34.00,50.000,0.000,0.000,1.000,1,0),
  ('bebnew01','beb','new',1,'Candido','0','0','0','0','de 355ml',148.00,150.00,151.00,152.00,153.00,154.00,3000.000,0.000,0.000,24.000,1,0),
  ('queama03','que','ama',1,'UNI9704247M2','0','0','0','0','fundido la provinciana de kg',104.20,107.00,108.00,109.00,110.00,112.00,600.000,20.000,105.000,10.000,1,0),
  ('PalAct01','Pal','Act',1,'DCL0402164N0','0','0','0','0','de mantequilla c/18',186.50,190.00,191.00,192.00,193.00,195.00,50.000,5.000,5.000,4.000,1,0),
  ('PalAct02','Pal','Act',1,'DCL0402164N0','0','0','0','0','natural c/18pz',186.50,190.00,191.00,192.00,193.00,195.00,50.000,5.000,10.000,4.000,1,0),
  ('PalAct03','Pal','Act',1,'DCL0402164N0','0','0','0','0','de caramelo c/ 9pz',280.00,284.00,285.00,286.00,288.00,290.00,20.000,1.000,19.000,4.000,1,0),
  ('yogdan10','yog','dan',1,'MEG0202151X5','0','0','0','0','fruix solido de 125gr',106.43,109.00,109.00,109.00,109.00,109.00,15.000,2.000,0.000,48.000,1,0),
  ('queama04','que','ama',1,'Texana','0','0','0','0','rebanado singles',580.00,590.00,590.00,591.00,592.00,590.00,1.000,1.000,0.000,6.000,1,0),
  ('manglo01','man','glo',1,'Galdino','0','Galdino','0','0','pura de un kilo',305.00,325.00,330.00,335.00,340.00,340.00,10.000,100.000,0.000,10.000,1,0),
  ('sopmaa01','sop','maa',1,'Palomas','0','0','0','0','con 12 pz',31.50,34.50,35.00,35.50,36.00,36.50,10.000,500.000,0.000,12.000,1,0),
  ('bebVIÑ01','beb','VIÑ',1,'Galdino','0','0','0','0','600 ml.',90.00,95.00,96.00,97.00,98.00,99.00,1.000,1.000,0.000,12.000,1,0);

COMMIT;

#
# Data for the `productos_orden` table  (LIMIT 0,500)
#

# ClaveOrden:3:32768
# ClaveProducto:253:0
# Cantidad:5:32768
# Costo:5:32768
# Importe:5:32768
# Llegan:5:32768

INSERT INTO `productos_orden` (`ClaveOrden`, `ClaveProducto`, `Cantidad`, `Costo`, `Importe`, `Llegan`) VALUES 
  (1,'manchi04',85.000,190.00,16150.00,85.000),
  (1,'queama03',252.000,104.20,26258.40,252.000),
  (1,'cregin01',84.000,64.20,5392.80,84.000),
  (1,'bebbon03',108.000,90.00,9720.00,108.000),
  (1,'yogbon01',54.000,165.60,8942.40,54.000),
  (1,'yogbon02',20.000,153.00,3060.00,20.000),
  (2,'yogdan01',104.000,89.80,9339.20,104.000),
  (2,'yogdan02',10.000,75.07,750.70,10.000),
  (2,'yogdan03',528.000,125.47,66248.16,528.000),
  (2,'yogdan05',300.000,177.68,53304.00,300.000),
  (2,'geldan01',90.000,106.43,9578.70,90.000),
  (2,'posdan01',10.000,125.28,1252.80,10.000),
  (2,'posdan02',50.000,125.28,6264.00,50.000),
  (2,'yogdan06',20.000,156.51,3130.20,20.000),
  (3,'crealp02',96.000,260.00,24960.00,96.000),
  (3,'crealp03',98.000,260.00,25480.00,98.000),
  (4,'yogdan05',100.000,177.68,17768.00,0.000),
  (5,'crealp02',102.000,268.00,27336.00,102.000),
  (5,'crealp03',104.000,268.00,27872.00,104.000),
  (6,'crelal04',50.000,298.40,14920.00,50.000),
  (7,'crelal04',15.000,298.40,4476.00,15.000),
  (8,'crealp01',143.000,115.19,16472.17,143.000),
  (8,'crealp02',191.000,261.00,49851.00,191.000),
  (8,'crealp03',64.000,261.00,16704.00,64.000),
  (9,'toscar01',200.000,95.00,19000.00,200.000),
  (10,'crealp01',42.000,113.53,4768.26,42.000),
  (10,'crealp02',116.000,261.00,30276.00,116.000),
  (11,'toscha01',150.000,145.44,21816.00,150.000),
  (12,'yogdan09',132.000,156.51,20659.32,132.000),
  (12,'posdan03',50.000,125.28,6264.00,50.000),
  (12,'yogdan05',640.000,177.68,113715.20,640.000),
  (12,'yogdan02',30.000,75.07,2252.10,30.000),
  (12,'geldan01',90.000,106.43,9578.70,90.000),
  (12,'posdan02',50.000,125.28,6264.00,50.000),
  (13,'queama04',130.000,580.00,75400.00,130.000),
  (14,'yogalp01',800.000,58.50,46800.00,800.000),
  (14,'crealp01',80.000,114.72,9177.60,80.000),
  (14,'crealp02',50.000,256.80,12840.00,50.000),
  (15,'yogdan05',20.000,177.68,3553.60,20.000),
  (16,'maribe02',1134.000,63.50,72009.00,1134.000),
  (16,'maribe04',204.000,183.00,37332.00,204.000),
  (17,'manchi01',100.000,91.54,9154.00,100.000),
  (17,'yogbon02',25.000,153.00,3825.00,25.000),
  (17,'yogbon01',56.000,165.60,9273.60,56.000),
  (17,'bebbon01',324.000,83.00,26892.00,324.000),
  (17,'bebbon02',216.000,63.00,13608.00,216.000),
  (18,'crelal03',290.000,106.80,30972.00,290.000),
  (19,'maribe04',43.000,183.00,7869.00,43.000),
  (20,'yogdan01',104.000,89.80,9339.20,104.000),
  (20,'yogdan03',302.000,125.47,37891.94,302.000),
  (20,'yogdan09',66.000,156.51,10329.66,66.000),
  (21,'toscha01',558.000,145.44,81155.52,558.000),
  (22,'maribe01',8100.000,75.50,611550.00,8100.000),
  (22,'maribe04',204.000,183.00,37332.00,204.000),
  (23,'yogdan03',252.000,125.47,31618.44,252.000),
  (23,'posdan01',5.000,125.28,626.40,5.000),
  (23,'posdan02',50.000,125.28,6264.00,50.000),
  (24,'yogalp01',1000.000,59.00,59000.00,1000.000),
  (24,'crealp01',60.000,115.60,6936.00,60.000),
  (24,'crealp02',60.000,258.00,15480.00,60.000),
  (24,'crealp03',80.000,258.00,20640.00,80.000),
  (25,'toscar01',150.000,95.00,14250.00,150.000),
  (26,'yogdan03',264.000,125.47,33124.08,264.000),
  (26,'yogdan01',104.000,89.80,9339.20,104.000),
  (26,'yogdan02',20.000,75.07,1501.40,20.000),
  (26,'geldan01',90.000,106.43,9578.70,90.000),
  (26,'posdan01',14.000,125.28,1753.92,14.000),
  (27,'cregin01',168.000,64.20,10785.60,0.000),
  (27,'bebbon01',324.000,83.00,26892.00,0.000),
  (27,'bebbon05',35.000,80.00,2800.00,0.000),
  (27,'bebbon02',216.000,63.00,13608.00,0.000),
  (27,'creran01',60.000,126.70,7602.00,0.000),
  (28,'bebbon05',35.000,80.00,2800.00,35.000),
  (28,'cregin01',168.000,64.20,10785.60,168.000),
  (28,'bebbon01',324.000,83.00,26892.00,324.000),
  (28,'bebbon02',216.000,63.00,13608.00,216.000),
  (28,'creran01',60.000,126.70,7602.00,60.000),
  (29,'toscha01',1188.000,145.44,172782.72,1188.000),
  (30,'manglo01',50.000,305.00,15250.00,50.000),
  (31,'sopmaa01',200.000,31.50,6300.00,200.000),
  (32,'yogdan03',159.000,125.47,19949.73,159.000),
  (32,'posdan01',10.000,125.28,1252.80,10.000),
  (32,'posdan02',50.000,125.28,6264.00,50.000),
  (32,'yogdan08',44.000,141.91,6244.04,44.000),
  (32,'yogdan06',26.000,156.51,4069.26,26.000),
  (33,'crelal03',70.000,106.80,7476.00,70.000),
  (33,'crelal02',14.000,106.80,1495.20,14.000),
  (34,'yogdan01',104.000,89.80,9339.20,104.000),
  (34,'yogdan03',660.000,125.47,82810.20,660.000),
  (34,'yogdan05',196.000,177.68,34825.28,196.000),
  (34,'posdan03',29.000,125.28,3633.12,29.000),
  (34,'geldan01',90.000,106.43,9578.70,90.000),
  (35,'yogdan03',218.000,122.00,26596.00,218.000),
  (36,'yogdan02',20.000,75.07,1501.40,20.000),
  (36,'yogdan03',264.000,125.46,33121.44,264.000),
  (36,'yogdan05',194.000,177.69,34471.86,194.000),
  (36,'yogdan09',50.000,156.51,7825.50,50.000),
  (37,'yogalp01',800.000,59.50,47600.00,800.000),
  (37,'crealp03',50.000,258.00,12900.00,50.000),
  (38,'crealp01',100.000,115.04,11504.00,100.000),
  (38,'crelal02',298.000,106.80,31826.40,298.000),
  (38,'crelal03',489.000,106.80,52225.20,489.000),
  (38,'crelal04',100.000,299.10,29910.00,100.000),
  (39,'bebVIÑ01',200.000,90.00,18000.00,200.000),
  (40,'marpri01',140.000,80.00,11200.00,140.000),
  (41,'manchi01',100.000,91.54,9154.00,100.000),
  (41,'manchi02',100.000,81.15,8115.00,100.000),
  (41,'yogbon02',25.000,153.00,3825.00,25.000),
  (41,'bebbon03',54.000,90.00,4860.00,54.000),
  (41,'yogbon01',17.000,165.60,2815.20,17.000),
  (41,'bebbon04',54.000,62.40,3369.60,54.000),
  (42,'toscar01',230.000,95.00,21850.00,230.000),
  (43,'posdan02',115.000,122.00,14030.00,115.000),
  (44,'sopmaa01',200.000,31.50,6300.00,200.000),
  (45,'toscha01',1156.000,145.44,168128.64,1156.000),
  (46,'yogdan09',132.000,156.51,20659.32,132.000),
  (47,'maribe02',756.000,63.50,48006.00,756.000),
  (48,'queama03',168.000,104.20,17505.60,168.000),
  (48,'cregin01',168.000,64.20,10785.60,168.000),
  (48,'bebbon01',108.000,83.00,8964.00,108.000),
  (48,'bebbon05',35.000,80.00,2800.00,35.000),
  (48,'bebbon02',108.000,63.00,6804.00,108.000),
  (48,'creran01',48.000,126.70,6081.60,48.000),
  (49,'yogdan05',50.000,177.68,8884.00,50.000),
  (49,'yogdan06',21.000,156.51,3286.71,21.000),
  (49,'posdan03',50.000,125.28,6264.00,50.000),
  (50,'yogbon01',78.000,165.60,12916.80,78.000),
  (51,'crealp01',150.000,115.60,17340.00,150.000),
  (51,'crealp02',100.000,258.00,25800.00,100.000),
  (51,'crealp03',50.000,258.00,12900.00,50.000),
  (52,'yogdan03',308.000,122.00,37576.00,308.000),
  (53,'crealp01',200.000,121.00,24200.00,200.000),
  (53,'crealp02',200.000,270.00,54000.00,200.000),
  (53,'crealp03',200.000,270.00,54000.00,200.000),
  (53,'yogalp01',600.000,60.00,36000.00,600.000);

COMMIT;

#
# Data for the `productos_venta` table  (LIMIT 0,500)
#

# claveVenta:3:32768
# ClaveProducto:253:0
# Cantidad:5:32768
# Costo:5:32768
# Importe:5:32768
# Llegan:5:32768

INSERT INTO `productos_venta` (`claveVenta`, `ClaveProducto`, `Cantidad`, `Costo`, `Importe`, `Llegan`) VALUES 
  (1,'crelal01',4.000,110.00,440.00,4.000),
  (2,'yogdan06',1.000,168.00,168.00,1.000),
  (3,'yogbon01',2.000,169.20,338.40,2.000),
  (4,'quechi01',1.000,345.00,345.00,1.000),
  (5,'yogdan01',2.000,95.00,190.00,2.000),
  (5,'yogdan09',1.000,168.00,168.00,1.000),
  (6,'posdan01',2.000,133.00,266.00,2.000),
  (6,'toscha01',15.000,150.00,2250.00,15.000),
  (6,'yogdan01',20.000,93.00,1860.00,20.000),
  (6,'yogdan02',6.000,81.00,486.00,6.000),
  (6,'yogdan03',40.000,130.00,5200.00,40.000),
  (6,'yogdan09',20.000,169.00,3380.00,20.000),
  (7,'bebbon01',5.000,89.00,445.00,5.000),
  (7,'bebbon02',5.000,68.00,340.00,5.000),
  (7,'quechi01',10.000,345.00,3450.00,10.000),
  (7,'quelca01',10.000,220.00,2200.00,10.000),
  (8,'toscha01',20.000,148.00,2960.00,20.000),
  (9,'yogdan03',10.000,130.00,1300.00,10.000),
  (9,'yogdan01',4.000,95.00,380.00,4.000),
  (10,'yogdan01',5.000,95.00,475.00,5.000),
  (10,'yogdan09',10.000,168.00,1680.00,10.000),
  (10,'posdan02',5.000,133.00,665.00,5.000),
  (10,'yogdan02',5.000,81.00,405.00,5.000),
  (11,'yogdan09',10.000,169.00,1690.00,10.000),
  (11,'toscha01',50.000,149.00,7450.00,50.000),
  (12,'crelal02',4.000,110.00,440.00,4.000),
  (12,'crelal03',5.000,110.00,550.00,5.000),
  (12,'yogdan05',10.000,184.00,1840.00,10.000),
  (12,'posdan02',4.000,133.00,532.00,4.000),
  (12,'yogdan08',2.000,162.00,324.00,2.000),
  (12,'geldan01',6.000,115.00,690.00,6.000),
  (13,'crelal03',2.000,110.00,220.00,2.000),
  (13,'yogdan03',1.000,143.00,143.00,1.000),
  (14,'crelal03',100.000,108.00,10800.00,100.000),
  (14,'yogdan03',15.000,130.00,1950.00,15.000),
  (14,'yogdan01',2.000,95.00,190.00,2.000),
  (14,'yogdan09',3.000,169.00,507.00,3.000),
  (14,'posdan02',2.000,133.00,266.00,2.000),
  (14,'queraa01',20.000,295.00,5900.00,20.000),
  (15,'yogdan03',20.000,130.00,2600.00,20.000),
  (16,'yogdan09',3.000,169.00,507.00,3.000),
  (16,'bebbon05',2.000,86.00,172.00,2.000),
  (16,'bebbon03',4.000,96.00,384.00,4.000),
  (16,'yogbon01',2.000,169.20,338.40,2.000),
  (16,'quechi01',3.000,345.00,1035.00,3.000),
  (17,'yogdan03',20.000,130.00,2600.00,20.000),
  (17,'yogdan05',20.000,184.00,3680.00,20.000),
  (17,'yogdan01',10.000,95.00,950.00,10.000),
  (17,'yogdan09',20.000,169.00,3380.00,20.000),
  (17,'yogdan08',5.000,162.00,810.00,5.000),
  (17,'posdan01',1.000,133.00,133.00,1.000),
  (17,'yogdan04',5.000,158.00,790.00,5.000),
  (17,'yogdan06',3.000,169.00,507.00,3.000),
  (17,'posdan03',5.000,133.00,665.00,5.000),
  (17,'bebbon01',10.000,89.00,890.00,10.000),
  (17,'bebbon03',4.000,96.00,384.00,4.000),
  (17,'manchi01',5.000,95.50,477.50,5.000),
  (17,'maribe04',5.000,178.00,890.00,5.000),
  (17,'queraa01',1.000,298.00,298.00,1.000),
  (18,'toscha01',10.000,150.00,1500.00,10.000),
  (19,'bebbon01',5.000,89.00,445.00,5.000),
  (20,'posdan02',2.000,133.00,266.00,2.000),
  (20,'bebbon01',5.000,89.00,445.00,5.000),
  (20,'maribe01',30.000,73.00,2190.00,30.000),
  (21,'yogdan06',1.000,168.00,168.00,1.000),
  (22,'posdan02',10.000,130.00,1300.00,10.000),
  (23,'yogdan05',10.000,184.00,1840.00,10.000),
  (23,'yogdan03',20.000,130.00,2600.00,20.000),
  (23,'yogdan01',3.000,95.00,285.00,3.000),
  (23,'posdan03',1.000,133.00,133.00,1.000),
  (23,'posdan02',1.000,133.00,133.00,1.000),
  (24,'yogdan03',20.000,130.00,2600.00,20.000),
  (24,'geldan01',20.000,115.00,2300.00,20.000),
  (25,'cregin01',10.000,69.00,690.00,10.000),
  (25,'queraa01',5.000,295.00,1475.00,5.000),
  (25,'quechi01',5.000,345.00,1725.00,5.000),
  (25,'quelca01',2.000,220.00,440.00,2.000),
  (26,'manchi01',5.000,95.50,477.50,5.000),
  (26,'queama03',2.000,112.00,224.00,2.000),
  (26,'bebbon02',15.000,68.00,1020.00,15.000),
  (26,'bebbon01',20.000,89.00,1780.00,20.000),
  (26,'bebbon03',5.000,96.00,480.00,5.000),
  (26,'yogbon01',3.000,169.20,507.60,3.000),
  (26,'yogbon02',2.000,160.00,320.00,2.000),
  (27,'yogdan03',10.000,130.00,1300.00,10.000),
  (27,'manchi01',10.000,95.50,955.00,10.000),
  (27,'manchi02',10.000,85.00,850.00,10.000),
  (27,'bebbon01',10.000,89.00,890.00,10.000),
  (27,'bebbon02',10.000,68.00,680.00,10.000),
  (28,'yogdan03',20.000,130.00,2600.00,20.000),
  (28,'yogdan09',3.000,169.00,507.00,3.000),
  (29,'yogdan05',10.000,184.00,1840.00,10.000),
  (29,'geldan01',9.000,115.00,1035.00,9.000),
  (29,'posdan02',3.000,133.00,399.00,3.000),
  (29,'yogdan06',3.000,169.00,507.00,3.000),
  (29,'posdan03',1.000,133.00,133.00,1.000),
  (30,'queraa01',3.000,298.00,894.00,3.000),
  (30,'quechi01',3.000,345.00,1035.00,3.000),
  (30,'quelca01',2.000,225.00,450.00,2.000),
  (30,'bebbon02',5.000,68.00,340.00,5.000),
  (30,'bebbon01',5.000,89.00,445.00,5.000),
  (30,'bebbon03',3.000,96.00,288.00,3.000),
  (30,'yogbon01',2.000,169.20,338.40,2.000),
  (30,'yogbon02',1.000,160.00,160.00,1.000),
  (31,'yogdan05',30.000,184.00,5520.00,30.000),
  (31,'yogdan03',50.000,130.00,6500.00,50.000),
  (31,'geldan01',6.000,115.00,690.00,6.000),
  (31,'yogdan01',10.000,95.00,950.00,10.000),
  (31,'yogdan09',10.000,169.00,1690.00,10.000),
  (31,'yogdan06',2.000,168.00,336.00,2.000),
  (31,'toscha01',7.000,148.00,1036.00,7.000),
  (31,'maribe01',50.000,73.00,3650.00,50.000),
  (31,'maribe02',20.000,61.00,1220.00,20.000),
  (31,'queraa01',15.000,298.00,4470.00,15.000),
  (31,'quechi01',10.000,345.00,3450.00,10.000),
  (31,'marpri01',20.000,84.00,1680.00,20.000),
  (32,'yogdan03',20.000,130.00,2600.00,20.000),
  (33,'bebbon01',1.000,89.00,89.00,1.000),
  (33,'bebbon02',1.000,68.00,68.00,1.000),
  (34,'yogdan08',1.000,162.00,162.00,1.000),
  (35,'geldan01',6.000,115.00,690.00,6.000),
  (35,'posdan03',1.000,133.00,133.00,1.000),
  (35,'yogdan01',4.000,95.00,380.00,4.000),
  (35,'yogdan05',10.000,184.00,1840.00,10.000),
  (35,'yogdan10',1.000,109.00,109.00,1.000),
  (36,'maribe02',1.000,62.00,62.00,1.000),
  (37,'yogdan03',6.000,130.00,780.00,0.000),
  (37,'yogdan09',3.000,169.00,507.00,0.000),
  (38,'yogdan09',3.000,169.00,507.00,3.000),
  (38,'yogdan03',4.000,130.00,520.00,4.000),
  (39,'yogdan03',20.000,130.00,2600.00,0.000),
  (40,'bebbon01',20.000,89.00,1780.00,20.000),
  (40,'bebbon02',15.000,68.00,1020.00,15.000),
  (40,'bebbon03',5.000,96.00,480.00,5.000),
  (40,'manchi01',5.000,95.50,477.50,5.000),
  (40,'queama03',2.000,112.00,224.00,2.000),
  (40,'yogbon01',3.000,169.20,507.60,3.000),
  (40,'yogbon02',2.000,160.00,320.00,2.000),
  (41,'yogdan05',20.000,184.00,3680.00,20.000),
  (41,'yogdan03',8.000,130.00,1040.00,8.000),
  (41,'yogdan09',4.000,169.00,676.00,4.000),
  (41,'yogalp01',20.000,62.50,1250.00,20.000),
  (41,'bebbon01',6.000,89.00,534.00,6.000),
  (41,'bebbon02',2.000,68.00,136.00,2.000),
  (41,'maribe01',10.000,73.00,730.00,10.000),
  (41,'maribe02',5.000,61.00,305.00,5.000),
  (41,'maribe04',3.000,178.00,534.00,3.000),
  (42,'crealp02',40.000,278.00,11120.00,40.000),
  (42,'crealp03',10.000,278.00,2780.00,10.000),
  (43,'crelal04',5.000,314.00,1570.00,5.000),
  (43,'queraa01',11.000,287.00,3157.00,11.000),
  (43,'maribe04',20.000,174.00,3480.00,20.000),
  (43,'bebbon01',1.000,89.00,89.00,1.000),
  (43,'bebbon02',1.000,68.00,68.00,1.000),
  (43,'maribe01',20.000,73.00,1460.00,20.000),
  (43,'queama03',1.000,110.00,110.00,1.000),
  (43,'cregin01',5.000,69.00,345.00,5.000),
  (43,'yogdan05',20.000,184.00,3680.00,20.000),
  (44,'crealp02',17.000,278.00,4726.00,17.000),
  (44,'crealp03',20.000,278.00,5560.00,20.000),
  (45,'yogalp01',1.000,62.50,62.50,1.000),
  (46,'crealp02',30.000,278.00,8340.00,30.000),
  (46,'crealp03',10.000,278.00,2780.00,10.000),
  (47,'crealp02',20.000,278.00,5560.00,20.000),
  (47,'crealp03',20.000,278.00,5560.00,20.000),
  (48,'yogdan05',20.000,184.00,3680.00,20.000),
  (48,'yogdan03',8.000,130.00,1040.00,8.000),
  (48,'yogdan09',4.000,169.00,676.00,4.000),
  (48,'yogalp01',20.000,62.50,1250.00,20.000),
  (48,'bebbon01',6.000,89.00,534.00,6.000),
  (48,'bebbon02',2.000,68.00,136.00,2.000),
  (48,'maribe01',10.000,73.00,730.00,10.000),
  (48,'maribe04',3.000,178.00,534.00,3.000),
  (49,'bebbon02',2.000,68.00,136.00,2.000),
  (50,'maribe04',100.000,174.00,17400.00,100.000),
  (50,'toscha01',80.000,148.00,11840.00,80.000),
  (50,'cregin01',2.000,69.00,138.00,2.000),
  (50,'geldan01',2.000,115.00,230.00,2.000),
  (50,'posdan02',1.000,133.00,133.00,1.000),
  (50,'crelal01',5.000,110.00,550.00,5.000),
  (50,'crelal02',5.000,110.00,550.00,5.000),
  (50,'crelal03',5.000,110.00,550.00,5.000),
  (50,'yogdan05',30.000,184.00,5520.00,30.000),
  (50,'yogdan09',2.000,169.00,338.00,2.000),
  (51,'quechi01',72.000,336.00,24192.00,72.000),
  (52,'yogalp01',15.000,62.50,937.50,15.000),
  (52,'yogdan03',10.000,130.00,1300.00,10.000),
  (53,'toscha01',100.000,147.50,14750.00,100.000),
  (54,'geldan01',6.000,115.00,690.00,6.000),
  (54,'yogdan01',5.000,95.00,475.00,5.000),
  (54,'maribe01',30.000,73.00,2190.00,30.000),
  (54,'queraa01',3.000,298.00,894.00,3.000),
  (54,'quechi01',5.000,345.00,1725.00,5.000),
  (55,'yogalp01',60.000,60.50,3630.00,60.000),
  (55,'posdan02',10.000,130.00,1300.00,10.000),
  (56,'yogdan09',2.000,169.00,338.00,2.000),
  (56,'toscha01',25.000,150.00,3750.00,25.000),
  (56,'maribe02',128.000,61.00,7808.00,128.000),
  (56,'bebbon02',10.000,68.00,680.00,10.000),
  (57,'crealp02',10.000,275.00,2750.00,10.000),
  (57,'crealp03',10.000,275.00,2750.00,10.000),
  (57,'toscha01',10.000,148.00,1480.00,10.000),
  (58,'maribe04',50.000,174.00,8700.00,50.000),
  (58,'toscha01',40.000,148.00,5920.00,40.000),
  (59,'toscha01',15.000,149.00,2235.00,15.000),
  (60,'yogbon01',1.000,169.20,169.20,1.000),
  (61,'crealp02',5.000,275.00,1375.00,5.000),
  (61,'crealp03',10.000,275.00,2750.00,10.000),
  (61,'crelal02',10.000,110.00,1100.00,10.000),
  (61,'crelal03',5.000,110.00,550.00,5.000),
  (61,'maribe01',10.000,73.00,730.00,10.000),
  (61,'maribe04',10.000,178.00,1780.00,10.000),
  (62,'crelal01',5.000,110.00,550.00,5.000),
  (62,'crelal02',5.000,110.00,550.00,5.000),
  (62,'crelal03',5.000,110.00,550.00,5.000),
  (62,'yogdan05',30.000,184.00,5520.00,30.000),
  (62,'geldan01',2.000,115.00,230.00,2.000),
  (62,'posdan02',1.000,133.00,133.00,1.000),
  (62,'yogdan09',2.000,169.00,338.00,2.000),
  (62,'toscha01',40.000,148.00,5920.00,40.000),
  (62,'maribe04',50.000,174.00,8700.00,50.000),
  (62,'cregin01',2.000,69.00,138.00,2.000),
  (63,'crelal01',5.000,110.00,550.00,5.000),
  (63,'crelal02',5.000,110.00,550.00,5.000),
  (63,'yogdan03',30.000,130.00,3900.00,30.000),
  (63,'bebbon02',10.000,68.00,680.00,10.000),
  (63,'yogbon01',1.000,169.20,169.20,1.000),
  (63,'yogbon02',1.000,160.00,160.00,1.000),
  (64,'toscar01',20.000,100.00,2000.00,20.000),
  (65,'crealp02',20.000,275.00,5500.00,20.000),
  (65,'crealp03',20.000,275.00,5500.00,20.000),
  (66,'geldan01',6.000,115.00,690.00,6.000),
  (66,'posdan02',4.000,133.00,532.00,4.000),
  (67,'crealp02',50.000,275.00,13750.00,50.000),
  (67,'crealp03',20.000,275.00,5500.00,20.000),
  (67,'cregin01',10.000,69.00,690.00,10.000),
  (68,'yogdan03',20.000,130.00,2600.00,20.000),
  (68,'yogdan01',3.000,95.00,285.00,3.000),
  (68,'yogdan09',5.000,169.00,845.00,5.000),
  (68,'yogdan06',4.000,169.00,676.00,4.000),
  (68,'maribe01',30.000,73.00,2190.00,30.000),
  (68,'bebbon05',2.000,86.00,172.00,2.000),
  (69,'yogdan03',40.000,130.00,5200.00,40.000),
  (69,'yogdan05',20.000,182.00,3640.00,20.000),
  (69,'yogdan08',5.000,155.00,775.00,5.000),
  (69,'bebbon01',3.000,89.00,267.00,3.000),
  (69,'yogbon01',5.000,169.20,846.00,5.000),
  (70,'yogalp01',25.000,62.50,1562.50,25.000),
  (71,'toscha01',15.000,148.00,2220.00,15.000),
  (72,'quechi01',5.000,345.00,1725.00,5.000),
  (73,'crealp02',10.000,278.00,2780.00,10.000),
  (74,'crealp02',1.000,275.00,275.00,1.000),
  (74,'crealp03',1.000,275.00,275.00,1.000),
  (74,'crelal02',1.000,110.00,110.00,1.000),
  (75,'crealp02',20.000,278.00,5560.00,20.000),
  (75,'crealp03',30.000,278.00,8340.00,30.000),
  (75,'toscha01',25.000,148.00,3700.00,25.000),
  (76,'yogalp01',44.000,62.50,2750.00,44.000),
  (76,'yogbon01',3.000,169.20,507.60,3.000),
  (76,'yogbon02',2.000,160.00,320.00,2.000),
  (77,'toscha01',10.000,150.00,1500.00,10.000),
  (78,'maribe01',1.000,74.00,74.00,1.000),
  (79,'yogdan01',20.000,95.00,1900.00,20.000),
  (79,'yogdan08',2.000,162.00,324.00,2.000),
  (80,'yogdan03',60.000,130.00,7800.00,60.000),
  (80,'yogdan05',30.000,184.00,5520.00,30.000),
  (80,'geldan01',6.000,115.00,690.00,6.000),
  (80,'bebbon03',5.000,96.00,480.00,5.000),
  (80,'yogbon01',5.000,169.20,846.00,5.000),
  (80,'yogbon02',2.000,160.00,320.00,2.000),
  (81,'yogdan01',3.000,95.00,285.00,3.000),
  (81,'bebbon01',10.000,89.00,890.00,10.000),
  (81,'bebbon02',4.000,68.00,272.00,4.000),
  (82,'bebbon01',5.000,89.00,445.00,5.000),
  (82,'bebbon02',5.000,68.00,340.00,5.000),
  (83,'crealp01',143.000,117.00,16731.00,143.000),
  (83,'crealp02',185.000,275.00,50875.00,185.000),
  (83,'crealp03',49.000,275.00,13475.00,49.000),
  (84,'crealp03',64.000,275.00,17600.00,64.000),
  (84,'yogdan03',1.000,130.00,130.00,1.000),
  (85,'toscha01',25.000,148.00,3700.00,25.000),
  (86,'bebbon01',10.000,89.00,890.00,10.000),
  (86,'bebbon03',3.000,96.00,288.00,3.000),
  (86,'yogbon01',1.000,169.20,169.20,1.000),
  (87,'yogalp01',20.000,62.50,1250.00,20.000),
  (87,'geldan01',10.000,115.00,1150.00,10.000),
  (87,'yogdan06',2.000,169.00,338.00,2.000),
  (88,'toscar01',15.000,100.00,1500.00,15.000),
  (89,'cregin01',5.000,69.00,345.00,5.000),
  (89,'quechi01',2.000,345.00,690.00,2.000),
  (89,'yogdan01',6.000,95.00,570.00,6.000),
  (89,'yogdan03',10.000,130.00,1300.00,10.000),
  (89,'queraa01',3.000,298.00,894.00,3.000),
  (89,'yogdan05',10.000,184.00,1840.00,10.000),
  (90,'crealp02',5.000,275.00,1375.00,5.000),
  (90,'crealp03',10.000,275.00,2750.00,10.000),
  (90,'crelal02',5.000,110.00,550.00,5.000),
  (90,'crelal03',10.000,110.00,1100.00,10.000),
  (90,'maribe01',10.000,73.00,730.00,10.000),
  (90,'maribe04',10.000,178.00,1780.00,10.000),
  (91,'maribe01',6.000,73.00,438.00,6.000),
  (91,'maribe03',3.000,148.00,444.00,3.000),
  (91,'yogdan09',2.000,169.00,338.00,2.000),
  (91,'marpri01',2.000,84.00,168.00,2.000),
  (91,'manchi04',1.000,196.00,196.00,1.000),
  (91,'toscha01',4.000,150.00,600.00,4.000),
  (92,'posdan02',1.000,133.00,133.00,1.000),
  (92,'cregin01',2.000,69.00,138.00,2.000),
  (92,'maribe03',2.000,148.00,296.00,2.000),
  (92,'queraa01',2.000,295.00,590.00,2.000),
  (92,'maribe01',15.000,73.00,1095.00,15.000),
  (92,'bebbon01',1.000,89.00,89.00,1.000),
  (92,'bebbon02',1.000,68.00,68.00,1.000),
  (93,'crealp02',119.000,278.00,33082.00,119.000),
  (93,'crealp03',20.000,278.00,5560.00,20.000),
  (93,'crealp01',42.000,117.00,4914.00,42.000),
  (94,'yogdan03',10.000,130.00,1300.00,10.000),
  (95,'yogdan01',5.000,95.00,475.00,5.000),
  (95,'posdan02',5.000,133.00,665.00,5.000),
  (95,'yogdan08',4.000,162.00,648.00,4.000),
  (95,'yogdan06',2.000,169.00,338.00,2.000),
  (95,'yogdan02',2.000,81.00,162.00,2.000),
  (95,'toscar01',65.000,100.00,6500.00,65.000),
  (96,'yogdan03',10.000,130.00,1300.00,10.000),
  (96,'yogdan01',2.000,95.00,190.00,2.000),
  (97,'yogdan05',100.000,184.00,18400.00,100.000),
  (97,'posdan02',5.000,133.00,665.00,5.000),
  (97,'yogbon01',5.000,169.20,846.00,5.000),
  (97,'yogbon02',5.000,160.00,800.00,5.000),
  (97,'toscha01',50.000,148.00,7400.00,50.000),
  (98,'cregin01',2.000,68.00,136.00,2.000),
  (98,'manchi01',20.000,95.50,1910.00,20.000),
  (99,'geldan01',3.000,115.00,345.00,3.000),
  (99,'yogdan06',3.000,169.00,507.00,3.000),
  (99,'bebbon03',5.000,96.00,480.00,5.000),
  (99,'yogbon01',1.000,169.20,169.20,1.000),
  (99,'yogbon02',1.000,160.00,160.00,1.000),
  (100,'manchi01',10.000,95.50,955.00,10.000),
  (100,'manchi02',10.000,85.00,850.00,10.000),
  (100,'maribe01',50.000,73.00,3650.00,50.000),
  (100,'quechi01',10.000,340.00,3400.00,10.000),
  (101,'crelal03',5.000,110.00,550.00,5.000),
  (101,'yogdan01',3.000,95.00,285.00,3.000),
  (101,'bebbon01',5.000,89.00,445.00,5.000),
  (101,'bebbon02',5.000,68.00,340.00,5.000),
  (102,'geldan01',15.000,115.00,1725.00,15.000),
  (102,'maribe01',50.000,72.50,3625.00,50.000),
  (102,'posdan02',5.000,133.00,665.00,5.000),
  (102,'yogdan01',10.000,95.00,950.00,10.000),
  (102,'yogdan06',3.000,169.00,507.00,3.000),
  (102,'yogdan09',10.000,169.00,1690.00,10.000),
  (103,'crelal04',2.000,314.00,628.00,2.000),
  (103,'toscha01',2.000,150.00,300.00,2.000),
  (104,'bebbon01',15.000,89.00,1335.00,15.000),
  (104,'bebbon02',15.000,68.00,1020.00,15.000),
  (104,'bebbon03',2.000,96.00,192.00,2.000),
  (105,'manchi02',5.000,85.00,425.00,5.000),
  (105,'maribe01',20.000,73.00,1460.00,20.000),
  (106,'maribe01',20.000,73.00,1460.00,20.000),
  (107,'posdan02',3.000,133.00,399.00,3.000),
  (107,'yogdan08',2.000,162.00,324.00,2.000),
  (108,'yogdan03',30.000,130.00,3900.00,30.000),
  (108,'yogdan05',20.000,184.00,3680.00,20.000),
  (108,'posdan01',1.000,133.00,133.00,1.000),
  (108,'posdan02',5.000,133.00,665.00,5.000),
  (108,'yogdan02',5.000,81.00,405.00,5.000),
  (108,'bebbon01',15.000,89.00,1335.00,15.000),
  (108,'bebbon02',10.000,68.00,680.00,10.000),
  (108,'maribe01',50.000,73.00,3650.00,50.000),
  (108,'cregin01',10.000,69.00,690.00,10.000),
  (108,'quechi01',5.000,345.00,1725.00,5.000),
  (108,'queraa01',2.000,298.00,596.00,2.000),
  (109,'toscha01',10.000,150.00,1500.00,10.000),
  (110,'yogdan01',3.000,95.00,285.00,3.000),
  (110,'yogdan03',10.000,130.00,1300.00,10.000),
  (110,'yogdan08',1.000,162.00,162.00,1.000),
  (110,'geldan01',3.000,115.00,345.00,3.000),
  (110,'bebbon01',5.000,89.00,445.00,5.000),
  (110,'bebbon02',5.000,68.00,340.00,5.000),
  (110,'yogbon01',1.000,169.20,169.20,1.000),
  (110,'cregin01',5.000,69.00,345.00,5.000),
  (111,'yogdan03',10.000,130.00,1300.00,10.000),
  (111,'posdan02',1.000,133.00,133.00,1.000),
  (111,'geldan01',2.000,115.00,230.00,2.000),
  (111,'bebbon01',4.000,89.00,356.00,4.000),
  (111,'bebbon03',2.000,96.00,192.00,2.000),
  (111,'bebbon04',4.000,66.00,264.00,4.000),
  (112,'toscar01',100.000,100.00,10000.00,100.000),
  (113,'yogdan09',4.000,169.00,676.00,4.000),
  (113,'toscha01',30.000,149.00,4470.00,30.000),
  (113,'bebbon01',10.000,89.00,890.00,10.000),
  (113,'bebbon04',5.000,66.00,330.00,5.000),
  (114,'yogdan03',30.000,130.00,3900.00,30.000),
  (115,'yogdan03',20.000,130.00,2600.00,20.000),
  (115,'geldan01',6.000,115.00,690.00,6.000),
  (115,'maribe01',30.000,73.00,2190.00,30.000),
  (115,'quechi01',2.000,345.00,690.00,2.000),
  (116,'toscha01',25.000,148.00,3700.00,25.000),
  (116,'queama04',130.000,590.00,76700.00,130.000),
  (117,'yogdan09',3.000,169.00,507.00,3.000),
  (118,'bebbon01',5.000,89.00,445.00,5.000),
  (118,'bebbon02',5.000,68.00,340.00,5.000),
  (118,'quelca01',2.000,220.00,440.00,2.000),
  (119,'yogdan05',20.000,184.00,3680.00,20.000),
  (119,'yogdan03',10.000,130.00,1300.00,10.000),
  (119,'quechi01',10.000,345.00,3450.00,10.000),
  (119,'bebbon01',10.000,89.00,890.00,10.000),
  (119,'bebbon02',10.000,68.00,680.00,10.000),
  (120,'crelal04',5.000,314.00,1570.00,5.000),
  (121,'posdan02',3.000,133.00,399.00,3.000),
  (121,'yogdan09',3.000,169.00,507.00,3.000),
  (122,'yogdan09',2.000,169.00,338.00,2.000),
  (122,'toscha01',10.000,149.00,1490.00,10.000),
  (122,'cregin01',5.000,68.00,340.00,5.000),
  (122,'queama03',15.000,112.00,1680.00,15.000),
  (122,'bebbon01',7.000,89.00,623.00,7.000),
  (122,'bebbon02',3.000,68.00,204.00,3.000),
  (122,'yogbon01',1.000,169.20,169.20,1.000),
  (123,'yogdan05',30.000,184.00,5520.00,30.000),
  (123,'yogdan03',16.000,130.00,2080.00,16.000),
  (123,'geldan01',4.000,115.00,460.00,4.000),
  (123,'yogdan01',6.000,95.00,570.00,6.000),
  (123,'posdan02',2.000,133.00,266.00,2.000),
  (123,'toscha01',10.000,148.00,1480.00,10.000),
  (123,'maribe01',185.000,73.00,13505.00,185.000),
  (123,'maribe03',5.000,148.00,740.00,5.000),
  (123,'maribe04',15.000,178.00,2670.00,15.000),
  (123,'cregin01',60.000,69.00,4140.00,60.000),
  (123,'queama03',2.000,112.00,224.00,2.000),
  (123,'queraa01',15.000,298.00,4470.00,15.000),
  (123,'quechi01',3.000,345.00,1035.00,3.000),
  (123,'bebbon02',75.000,68.00,5100.00,75.000),
  (123,'bebbon01',62.000,89.00,5518.00,62.000),
  (123,'yogbon01',21.000,169.20,3553.20,21.000),
  (123,'yogbon02',5.000,160.00,800.00,5.000),
  (123,'bebbon04',3.000,66.00,198.00,3.000),
  (123,'yogdan09',4.000,169.00,676.00,4.000),
  (123,'marpri01',20.000,84.00,1680.00,20.000),
  (124,'toscha01',50.000,148.00,7400.00,50.000),
  (124,'queama03',5.000,112.00,560.00,5.000),
  (124,'quelca01',5.000,225.00,1125.00,5.000),
  (125,'crelal01',4.000,110.00,440.00,4.000),
  (125,'crelal03',5.000,110.00,550.00,5.000),
  (125,'crelal04',4.000,314.00,1256.00,4.000),
  (125,'yogdan05',10.000,184.00,1840.00,10.000),
  (125,'yogdan09',5.000,169.00,845.00,5.000),
  (126,'yogdan03',15.000,130.00,1950.00,15.000),
  (127,'yogalp01',10.000,62.50,625.00,10.000),
  (127,'crelal04',3.000,314.00,942.00,3.000),
  (128,'yogdan06',3.000,169.00,507.00,3.000),
  (129,'yogalp01',50.000,62.50,3125.00,50.000),
  (129,'yogdan09',10.000,169.00,1690.00,10.000),
  (129,'posdan03',5.000,133.00,665.00,5.000),
  (129,'yogdan05',30.000,184.00,5520.00,30.000),
  (129,'manchi01',10.000,95.50,955.00,10.000),
  (129,'queama03',10.000,112.00,1120.00,10.000),
  (129,'yogdan03',20.000,130.00,2600.00,20.000),
  (130,'bebbon01',5.000,89.00,445.00,5.000),
  (130,'bebbon02',1.000,68.00,68.00,1.000),
  (130,'manchi04',1.000,196.00,196.00,1.000),
  (130,'maribe01',2.000,74.00,148.00,2.000),
  (130,'maribe02',2.000,62.00,124.00,2.000),
  (131,'yogalp01',40.000,62.00,2480.00,40.000),
  (131,'yogdan05',10.000,184.00,1840.00,10.000),
  (132,'yogalp01',30.000,62.50,1875.00,30.000),
  (133,'maribe04',43.000,150.00,6450.00,0.000),
  (133,'maribe04',35.000,173.00,6055.00,0.000),
  (133,'bebbon02',15.000,68.00,1020.00,15.000),
  (133,'maribe01',30.000,73.00,2190.00,30.000),
  (133,'PalAct01',10.000,190.00,1900.00,10.000),
  (133,'PalAct02',5.000,190.00,950.00,5.000),
  (134,'yogalp01',110.000,60.50,6655.00,110.000),
  (135,'toscha01',10.000,150.00,1500.00,10.000),
  (136,'yogdan01',6.000,95.00,570.00,6.000),
  (136,'bebbon01',10.000,89.00,890.00,10.000),
  (136,'bebbon02',5.000,68.00,340.00,5.000),
  (136,'yogbon01',1.000,169.20,169.20,1.000),
  (136,'yogbon02',1.000,160.00,160.00,1.000),
  (136,'yogalp01',100.000,62.50,6250.00,100.000),
  (136,'crealp01',40.000,117.00,4680.00,40.000),
  (137,'crealp02',25.000,275.00,6875.00,25.000),
  (138,'crealp01',20.000,117.00,2340.00,20.000),
  (138,'crealp02',15.000,275.00,4125.00,15.000),
  (138,'yogalp01',20.000,62.50,1250.00,20.000),
  (138,'posdan03',2.000,133.00,266.00,2.000),
  (139,'bebbon01',5.000,89.00,445.00,5.000),
  (139,'bebbon02',5.000,68.00,340.00,5.000),
  (139,'queama03',40.000,107.00,4280.00,40.000),
  (140,'crelal04',5.000,314.00,1570.00,5.000),
  (140,'yogdan05',5.000,184.00,920.00,5.000),
  (140,'yogdan09',5.000,169.00,845.00,5.000),
  (140,'maribe04',5.000,178.00,890.00,5.000),
  (141,'bebbon01',1.000,89.00,89.00,1.000),
  (141,'bebbon02',1.000,68.00,68.00,1.000),
  (141,'queama03',5.000,112.00,560.00,5.000),
  (142,'toscha01',3.000,150.00,450.00,3.000),
  (143,'crelal03',100.000,108.00,10800.00,100.000),
  (143,'yogdan03',15.000,130.00,1950.00,15.000),
  (143,'yogdan05',10.000,184.00,1840.00,10.000),
  (143,'posdan02',1.000,133.00,133.00,1.000);

COMMIT;

#
# Data for the `productos_venta` table  (LIMIT 500,500)
#

# claveVenta:3:32768
# ClaveProducto:253:0
# Cantidad:5:32768
# Costo:5:32768
# Importe:5:32768
# Llegan:5:32768

INSERT INTO `productos_venta` (`claveVenta`, `ClaveProducto`, `Cantidad`, `Costo`, `Importe`, `Llegan`) VALUES 
  (143,'yogdan01',1.000,95.00,95.00,1.000),
  (144,'toscha01',25.000,148.00,3700.00,25.000),
  (145,'yogdan05',10.000,184.00,1840.00,10.000),
  (145,'bebbon01',5.000,89.00,445.00,5.000),
  (145,'bebbon02',5.000,68.00,340.00,5.000),
  (145,'maribe02',50.000,61.00,3050.00,50.000),
  (146,'yogdan03',40.000,130.00,5200.00,40.000),
  (146,'posdan01',2.000,133.00,266.00,2.000),
  (146,'yogdan02',5.000,81.00,405.00,5.000),
  (147,'yogalp01',100.000,60.50,6050.00,100.000),
  (147,'yogdan01',15.000,93.00,1395.00,15.000),
  (148,'queraa01',5.000,287.00,1435.00,5.000),
  (148,'quechi01',5.000,337.00,1685.00,5.000),
  (149,'crelal02',3.000,110.00,330.00,3.000),
  (149,'crelal03',5.000,110.00,550.00,5.000),
  (149,'posdan03',3.000,133.00,399.00,3.000),
  (149,'yogdan01',2.000,95.00,190.00,2.000),
  (150,'bebbon02',20.000,68.00,1360.00,20.000),
  (150,'yogbon02',2.000,160.00,320.00,2.000),
  (151,'bebbon01',5.000,89.00,445.00,5.000),
  (151,'yogdan03',10.000,130.00,1300.00,10.000),
  (151,'yogalp01',15.000,62.50,937.50,15.000),
  (151,'manchi02',5.000,85.00,425.00,5.000),
  (152,'bebbon01',5.000,89.00,445.00,5.000),
  (152,'toscha01',25.000,150.00,3750.00,25.000),
  (152,'posdan03',3.000,133.00,399.00,3.000),
  (152,'yogdan02',2.000,81.00,162.00,2.000),
  (153,'yogdan03',10.000,130.00,1300.00,10.000),
  (153,'yogdan05',10.000,184.00,1840.00,10.000),
  (154,'marpri01',200.000,81.50,16300.00,200.000),
  (155,'posdan03',2.000,133.00,266.00,2.000),
  (155,'yogdan01',3.000,95.00,285.00,3.000),
  (155,'yogdan03',30.000,130.00,3900.00,30.000),
  (156,'crealp01',20.000,117.00,2340.00,20.000),
  (156,'crealp02',10.000,262.00,2620.00,10.000),
  (156,'maribe01',30.000,72.50,2175.00,30.000),
  (156,'maribe02',20.000,61.50,1230.00,20.000),
  (156,'yogalp01',20.000,61.50,1230.00,20.000),
  (156,'yogdan09',10.000,165.00,1650.00,10.000),
  (157,'posdan03',2.000,133.00,266.00,2.000),
  (157,'yogdan01',5.000,95.00,475.00,5.000),
  (157,'yogdan03',10.000,130.00,1300.00,10.000),
  (158,'yogdan03',15.000,130.00,1950.00,15.000),
  (158,'yogdan09',5.000,169.00,845.00,5.000),
  (159,'bebbon01',20.000,89.00,1780.00,20.000),
  (159,'bebbon02',10.000,68.00,680.00,10.000),
  (159,'maribe02',50.000,61.00,3050.00,50.000),
  (159,'yogbon01',4.000,169.20,676.80,4.000),
  (159,'yogbon02',1.000,160.00,160.00,1.000),
  (160,'cregin01',10.000,69.00,690.00,0.000),
  (160,'queama03',10.000,112.00,1120.00,0.000),
  (160,'toscha01',15.000,149.00,2235.00,0.000),
  (160,'yogalp01',20.000,60.50,1210.00,0.000),
  (161,'cregin01',10.000,69.00,690.00,10.000),
  (161,'queama03',10.000,112.00,1120.00,10.000),
  (161,'toscha01',15.000,149.00,2235.00,15.000),
  (161,'yogalp01',20.000,62.50,1250.00,20.000),
  (162,'yogdan03',20.000,130.00,2600.00,20.000),
  (162,'yogdan09',10.000,169.00,1690.00,10.000),
  (163,'bebbon02',5.000,68.00,340.00,5.000),
  (163,'bebbon03',3.000,96.00,288.00,3.000),
  (163,'posdan02',4.000,133.00,532.00,4.000),
  (163,'yogdan01',5.000,95.00,475.00,5.000),
  (163,'yogdan02',4.000,81.00,324.00,4.000),
  (163,'yogdan03',30.000,130.00,3900.00,30.000),
  (164,'manchi01',10.000,95.50,955.00,10.000),
  (164,'yogdan03',20.000,130.00,2600.00,20.000),
  (164,'yogdan05',10.000,184.00,1840.00,10.000),
  (165,'crealp02',25.000,275.00,6875.00,25.000),
  (166,'crealp01',20.000,117.00,2340.00,20.000),
  (166,'crealp02',10.000,278.00,2780.00,10.000),
  (166,'maribe01',30.000,73.00,2190.00,30.000),
  (166,'maribe02',20.000,61.00,1220.00,20.000),
  (166,'yogalp01',20.000,62.50,1250.00,20.000),
  (166,'yogdan09',10.000,169.00,1690.00,10.000),
  (167,'yogdan03',40.000,130.00,5200.00,40.000),
  (167,'yogdan05',30.000,184.00,5520.00,30.000),
  (168,'yogdan09',8.000,169.00,1352.00,8.000),
  (169,'bebbon02',5.000,68.00,340.00,5.000),
  (169,'bebbon03',3.000,96.00,288.00,3.000),
  (169,'geldan01',4.000,115.00,460.00,4.000),
  (169,'posdan02',4.000,133.00,532.00,4.000),
  (169,'yogdan01',5.000,95.00,475.00,5.000),
  (169,'yogdan03',30.000,130.00,3900.00,30.000),
  (170,'yogdan05',100.000,184.00,18400.00,100.000),
  (170,'yogdan03',20.000,130.00,2600.00,20.000),
  (170,'crelal01',5.000,110.00,550.00,5.000),
  (170,'crelal02',20.000,110.00,2200.00,20.000),
  (170,'crelal03',20.000,110.00,2200.00,20.000),
  (170,'maribe01',50.000,74.00,3700.00,50.000),
  (170,'maribe02',50.000,62.00,3100.00,50.000),
  (170,'maribe04',5.000,178.00,890.00,5.000),
  (170,'posdan03',3.000,133.00,399.00,3.000),
  (170,'posdan01',3.000,133.00,399.00,3.000),
  (170,'marpri01',10.000,84.00,840.00,10.000),
  (170,'geldan01',3.000,115.00,345.00,3.000),
  (170,'yogdan01',10.000,95.00,950.00,10.000),
  (171,'toscha01',50.000,148.00,7400.00,50.000),
  (172,'bebbon01',1.000,89.00,89.00,1.000),
  (172,'bebbon02',1.000,68.00,68.00,1.000),
  (173,'crelal01',3.000,108.00,324.00,3.000),
  (173,'crelal02',40.000,108.00,4320.00,40.000),
  (173,'crelal03',50.000,108.00,5400.00,50.000),
  (173,'crelal04',5.000,314.00,1570.00,5.000),
  (173,'yogdan02',5.000,81.00,405.00,5.000),
  (173,'yogdan05',10.000,184.00,1840.00,10.000),
  (173,'maribe01',20.000,73.00,1460.00,20.000),
  (173,'maribe02',10.000,61.00,610.00,10.000),
  (173,'maribe04',15.000,174.00,2610.00,15.000),
  (173,'marpri01',2.000,84.00,168.00,2.000),
  (173,'queraa01',9.000,295.00,2655.00,9.000),
  (173,'bebbon01',3.000,89.00,267.00,3.000),
  (173,'bebbon02',2.000,68.00,136.00,2.000),
  (173,'cregin01',9.000,69.00,621.00,9.000),
  (173,'manchi01',1.000,95.50,95.50,1.000),
  (173,'manchi02',2.000,85.00,170.00,2.000),
  (173,'yogalp01',6.000,60.50,363.00,6.000),
  (174,'yogdan03',50.000,130.00,6500.00,50.000),
  (174,'yogdan05',10.000,184.00,1840.00,10.000),
  (174,'yogdan09',15.000,169.00,2535.00,15.000),
  (174,'bebbon01',10.000,89.00,890.00,10.000),
  (175,'yogalp01',40.000,62.00,2480.00,40.000),
  (175,'yogdan05',10.000,184.00,1840.00,10.000),
  (176,'geldan01',15.000,115.00,1725.00,15.000),
  (176,'posdan01',4.000,133.00,532.00,4.000),
  (176,'posdan02',5.000,133.00,665.00,5.000),
  (176,'posdan03',5.000,133.00,665.00,5.000),
  (176,'yogdan01',10.000,95.00,950.00,10.000),
  (176,'yogdan03',40.000,129.00,5160.00,40.000),
  (176,'yogdan08',4.000,155.00,620.00,4.000),
  (177,'bebbon01',5.000,89.00,445.00,5.000),
  (177,'toscha01',25.000,149.00,3725.00,25.000),
  (178,'bebbon05',2.000,86.00,172.00,2.000),
  (178,'posdan02',1.000,133.00,133.00,1.000),
  (178,'toscha01',10.000,150.00,1500.00,10.000),
  (178,'yogdan01',1.000,95.00,95.00,1.000),
  (178,'yogdan03',10.000,130.00,1300.00,10.000),
  (178,'yogdan09',5.000,169.00,845.00,5.000),
  (179,'yogdan01',2.000,95.00,190.00,2.000),
  (179,'yogdan03',20.000,130.00,2600.00,20.000),
  (179,'yogdan09',3.000,169.00,507.00,3.000),
  (180,'posdan01',2.000,133.00,266.00,2.000),
  (180,'posdan02',6.000,133.00,798.00,6.000),
  (180,'posdan03',6.000,133.00,798.00,6.000),
  (180,'toscha01',25.000,150.00,3750.00,25.000),
  (180,'yogdan01',20.000,93.00,1860.00,20.000),
  (180,'yogdan03',20.000,130.00,2600.00,20.000),
  (180,'yogdan05',20.000,184.00,3680.00,20.000),
  (180,'yogdan06',3.000,169.00,507.00,3.000),
  (180,'yogdan08',3.000,162.00,486.00,3.000),
  (180,'yogdan09',15.000,169.00,2535.00,15.000),
  (181,'yogdan03',10.000,130.00,1300.00,10.000),
  (181,'yogdan05',10.000,184.00,1840.00,10.000),
  (182,'yogdan09',5.000,169.00,845.00,5.000),
  (183,'toscha01',10.000,150.00,1500.00,10.000),
  (184,'bebbon01',5.000,89.00,445.00,5.000),
  (184,'bebbon03',3.000,96.00,288.00,3.000),
  (184,'yogdan03',20.000,130.00,2600.00,20.000),
  (185,'bebbon01',5.000,89.00,445.00,5.000),
  (185,'geldan01',3.000,115.00,345.00,3.000),
  (185,'posdan02',2.000,133.00,266.00,2.000),
  (185,'posdan03',2.000,133.00,266.00,2.000),
  (185,'yogdan01',3.000,95.00,285.00,3.000),
  (186,'bebbon03',2.000,96.00,192.00,2.000),
  (186,'crelal02',5.000,110.00,550.00,5.000),
  (186,'quechi01',5.000,345.00,1725.00,5.000),
  (186,'queraa01',3.000,298.00,894.00,3.000),
  (186,'yogdan03',3.000,130.00,390.00,3.000),
  (186,'yogdan05',2.000,184.00,368.00,2.000),
  (187,'crelal03',3.000,110.00,330.00,3.000),
  (187,'crelal04',1.000,314.00,314.00,1.000),
  (187,'yogalp01',3.000,62.50,187.50,3.000),
  (188,'toscha01',10.000,149.00,1490.00,10.000),
  (189,'bebbon01',10.000,89.00,890.00,10.000),
  (189,'bebbon02',10.000,68.00,680.00,10.000),
  (189,'bebbon03',2.000,98.00,196.00,2.000),
  (189,'crelal01',5.000,110.00,550.00,5.000),
  (189,'crelal02',5.000,110.00,550.00,5.000),
  (189,'maribe01',30.000,74.00,2220.00,30.000),
  (189,'maribe02',10.000,63.00,630.00,10.000),
  (189,'quechi01',3.000,345.00,1035.00,3.000),
  (189,'queraa01',2.000,298.00,596.00,2.000),
  (189,'toscha01',20.000,150.00,3000.00,20.000),
  (189,'yogalp01',20.000,62.50,1250.00,20.000),
  (189,'yogbon01',1.000,169.20,169.20,1.000),
  (189,'yogbon02',1.000,160.00,160.00,1.000),
  (190,'bebbon01',10.000,89.00,890.00,10.000),
  (190,'posdan02',1.000,133.00,133.00,1.000),
  (190,'posdan03',1.000,133.00,133.00,1.000),
  (190,'yogbon01',1.000,169.20,169.20,1.000),
  (190,'yogdan03',10.000,130.00,1300.00,10.000),
  (191,'crelal03',1.000,110.00,110.00,1.000),
  (192,'yogdan08',1.000,162.00,162.00,1.000),
  (193,'bebbon03',10.000,96.00,960.00,10.000),
  (193,'yogdan03',50.000,130.00,6500.00,50.000),
  (193,'yogdan05',10.000,184.00,1840.00,10.000),
  (193,'yogdan08',1.000,162.00,162.00,1.000),
  (193,'yogdan09',15.000,169.00,2535.00,15.000),
  (194,'bebbon01',10.000,89.00,890.00,10.000),
  (194,'bebbon02',10.000,68.00,680.00,10.000),
  (194,'bebbon03',2.000,96.00,192.00,2.000),
  (194,'crelal01',5.000,110.00,550.00,5.000),
  (194,'crelal02',5.000,110.00,550.00,5.000),
  (194,'maribe01',30.000,74.00,2220.00,30.000),
  (194,'maribe02',10.000,62.00,620.00,10.000),
  (194,'quechi01',3.000,345.00,1035.00,3.000),
  (194,'queraa01',2.000,298.00,596.00,2.000),
  (194,'toscha01',20.000,150.00,3000.00,20.000),
  (194,'yogalp01',20.000,62.50,1250.00,20.000),
  (194,'yogbon01',1.000,169.20,169.20,1.000),
  (194,'yogbon02',1.000,160.00,160.00,1.000),
  (194,'geldan01',5.000,115.00,575.00,5.000),
  (194,'posdan02',5.000,133.00,665.00,5.000),
  (194,'yogdan01',5.000,95.00,475.00,5.000),
  (194,'yogdan03',10.000,130.00,1300.00,10.000),
  (195,'yogalp01',80.000,62.50,5000.00,80.000),
  (195,'yogdan05',30.000,184.00,5520.00,30.000),
  (195,'maribe02',30.000,61.00,1830.00,30.000),
  (195,'quelca01',5.000,220.00,1100.00,5.000),
  (195,'yogdan01',5.000,95.00,475.00,5.000),
  (195,'yogdan06',2.000,169.00,338.00,2.000),
  (195,'yogdan08',3.000,162.00,486.00,3.000),
  (196,'maribe01',20.000,73.00,1460.00,20.000),
  (196,'bebbon01',23.000,89.00,2047.00,23.000),
  (196,'bebbon02',13.000,68.00,884.00,13.000),
  (196,'cregin01',3.000,69.00,207.00,3.000),
  (196,'marpri01',5.000,84.00,420.00,5.000),
  (196,'queraa01',3.000,298.00,894.00,3.000),
  (196,'yogbon01',3.000,169.20,507.60,3.000),
  (197,'maribe02',75.000,61.00,4575.00,75.000),
  (198,'crelal02',50.000,107.00,5350.00,50.000),
  (198,'crelal03',20.000,107.00,2140.00,20.000),
  (198,'posdan02',5.000,130.00,650.00,5.000),
  (198,'posdan03',5.000,130.00,650.00,5.000),
  (198,'yogdan05',100.000,182.00,18200.00,100.000),
  (199,'geldan01',6.000,115.00,690.00,6.000),
  (199,'maribe01',30.000,73.00,2190.00,30.000),
  (199,'yogdan01',5.000,95.00,475.00,5.000),
  (199,'yogdan03',20.000,130.00,2600.00,20.000),
  (200,'maribe01',50.000,73.00,3650.00,50.000),
  (200,'maribe02',50.000,61.00,3050.00,50.000),
  (200,'toscha01',25.000,148.00,3700.00,25.000),
  (201,'bebbon01',5.000,89.00,445.00,5.000),
  (201,'bebbon02',5.000,68.00,340.00,5.000),
  (201,'crelal02',6.000,110.00,660.00,6.000),
  (201,'crelal03',6.000,110.00,660.00,6.000),
  (202,'bebbon01',5.000,89.00,445.00,5.000),
  (202,'bebbon02',5.000,68.00,340.00,5.000),
  (202,'posdan02',2.000,133.00,266.00,2.000),
  (202,'yogbon01',1.000,169.20,169.20,1.000),
  (202,'yogdan08',2.000,162.00,324.00,2.000),
  (203,'toscha01',50.000,147.50,7375.00,50.000),
  (203,'yogdan03',20.000,130.00,2600.00,20.000),
  (204,'bebbon02',10.000,68.00,680.00,10.000),
  (204,'toscha01',25.000,148.00,3700.00,25.000),
  (205,'bebbon01',5.000,89.00,445.00,5.000),
  (205,'bebbon02',5.000,68.00,340.00,5.000),
  (205,'queama03',5.000,112.00,560.00,5.000),
  (206,'bebbon01',10.000,89.00,890.00,10.000),
  (206,'bebbon02',10.000,68.00,680.00,10.000),
  (206,'manchi01',10.000,95.50,955.00,10.000),
  (206,'yogdan03',10.000,130.00,1300.00,10.000),
  (206,'yogdan08',2.000,162.00,324.00,2.000),
  (206,'yogdan09',5.000,169.00,845.00,5.000),
  (207,'yogdan03',20.000,130.00,2600.00,20.000),
  (207,'yogdan05',20.000,184.00,3680.00,20.000),
  (208,'posdan02',1.000,133.00,133.00,1.000),
  (208,'posdan03',1.000,133.00,133.00,1.000),
  (208,'yogdan01',2.000,95.00,190.00,2.000),
  (208,'yogdan06',2.000,169.00,338.00,2.000),
  (208,'yogdan08',1.000,162.00,162.00,1.000),
  (208,'yogdan09',4.000,169.00,676.00,4.000),
  (209,'geldan01',7.000,115.00,805.00,7.000),
  (209,'maribe01',20.000,73.00,1460.00,20.000),
  (209,'maribe02',15.000,61.00,915.00,15.000),
  (209,'marpri01',5.000,84.00,420.00,5.000),
  (209,'queama03',2.000,112.00,224.00,2.000),
  (209,'yogdan01',4.000,95.00,380.00,4.000),
  (209,'yogdan03',15.000,130.00,1950.00,15.000),
  (209,'yogdan09',4.000,169.00,676.00,4.000),
  (210,'bebbon01',10.000,89.00,890.00,10.000),
  (210,'posdan03',4.000,133.00,532.00,4.000),
  (210,'yogdan09',10.000,169.00,1690.00,10.000),
  (210,'yogdan10',1.000,109.00,109.00,1.000),
  (211,'yogdan08',2.000,155.00,310.00,2.000),
  (211,'yogdan09',20.000,168.00,3360.00,20.000),
  (211,'yogdan06',3.000,168.00,504.00,3.000),
  (212,'crelal04',5.000,306.00,1530.00,5.000),
  (212,'maribe02',10.000,61.00,610.00,10.000),
  (212,'maribe04',10.000,178.00,1780.00,10.000),
  (213,'posdan03',2.000,133.00,266.00,2.000),
  (213,'yogdan09',2.000,169.00,338.00,2.000),
  (214,'geldan01',4.000,115.00,460.00,4.000),
  (214,'yogdan01',4.000,95.00,380.00,4.000),
  (214,'posdan02',4.000,133.00,532.00,4.000),
  (214,'yogdan08',1.000,162.00,162.00,1.000),
  (214,'yogdan09',16.000,169.00,2704.00,16.000),
  (214,'yogdan03',40.000,132.00,5280.00,40.000),
  (214,'yogdan06',2.000,169.00,338.00,2.000),
  (214,'yogdan05',20.000,184.00,3680.00,20.000),
  (214,'maribe02',15.000,62.00,930.00,15.000),
  (214,'quechi01',6.000,345.00,2070.00,6.000),
  (214,'queraa01',6.000,298.00,1788.00,6.000),
  (214,'quelca01',2.000,225.00,450.00,2.000),
  (214,'toscha01',30.000,148.00,4440.00,30.000),
  (215,'crelal01',5.000,110.00,550.00,5.000),
  (215,'crelal02',5.000,110.00,550.00,5.000),
  (215,'crelal03',5.000,110.00,550.00,5.000),
  (216,'yogdan03',20.000,130.00,2600.00,20.000),
  (217,'toscha01',10.000,148.00,1480.00,10.000),
  (218,'bebbon03',2.000,96.00,192.00,2.000),
  (218,'crelal02',5.000,110.00,550.00,5.000),
  (218,'quechi01',3.000,345.00,1035.00,3.000),
  (218,'queraa01',3.000,298.00,894.00,3.000),
  (218,'yogdan03',3.000,131.00,393.00,3.000),
  (218,'yogdan05',2.000,184.00,368.00,2.000),
  (219,'toscha01',30.000,148.00,4440.00,30.000),
  (220,'yogdan09',10.000,168.00,1680.00,10.000),
  (221,'toscha01',15.000,148.00,2220.00,15.000),
  (222,'yogdan03',15.000,130.00,1950.00,15.000),
  (222,'yogdan05',8.000,184.00,1472.00,8.000),
  (223,'yogdan09',1.000,169.00,169.00,1.000),
  (223,'yogalp01',2.000,62.50,125.00,2.000),
  (224,'yogdan05',2.000,184.00,368.00,2.000),
  (224,'maribe01',6.000,73.00,438.00,6.000),
  (224,'maribe02',6.000,61.00,366.00,6.000),
  (224,'marpri01',2.000,84.00,168.00,2.000),
  (224,'toscha01',4.000,149.00,596.00,4.000),
  (224,'yogdan09',2.000,169.00,338.00,2.000),
  (224,'quechi01',1.000,345.00,345.00,1.000),
  (224,'geldan01',1.000,115.00,115.00,1.000),
  (224,'posdan02',1.000,133.00,133.00,1.000),
  (224,'yogdan01',1.000,95.00,95.00,1.000),
  (224,'manchi02',3.000,85.00,255.00,3.000),
  (224,'manchi01',2.000,95.50,191.00,2.000),
  (224,'crealp01',6.000,117.00,702.00,6.000),
  (225,'yogdan05',4.000,184.00,736.00,4.000),
  (225,'crealp01',1.000,117.00,117.00,1.000),
  (225,'crealp02',1.000,275.00,275.00,1.000),
  (225,'yogalp01',5.000,62.50,312.50,5.000),
  (225,'yogdan01',4.000,95.00,380.00,4.000),
  (225,'yogdan09',1.000,169.00,169.00,1.000),
  (225,'yogdan03',2.000,143.00,286.00,2.000),
  (225,'maribe01',26.000,73.00,1898.00,26.000),
  (225,'maribe02',1.000,61.00,61.00,1.000),
  (225,'maribe04',1.000,178.00,178.00,1.000),
  (225,'toscha01',2.000,150.00,300.00,2.000),
  (226,'yogalp01',20.000,62.50,1250.00,20.000),
  (226,'crealp01',3.000,117.00,351.00,3.000),
  (226,'crealp02',3.000,275.00,825.00,3.000),
  (226,'yogdan09',3.000,169.00,507.00,3.000),
  (226,'yogdan01',2.000,95.00,190.00,2.000),
  (226,'posdan02',1.000,133.00,133.00,1.000),
  (226,'yogdan03',3.000,143.00,429.00,3.000),
  (226,'maribe04',3.000,178.00,534.00,3.000),
  (226,'posdan03',1.000,133.00,133.00,1.000),
  (226,'posdan01',1.000,133.00,133.00,1.000),
  (226,'yogdan05',8.000,184.00,1472.00,8.000),
  (227,'yogdan05',6.000,184.00,1104.00,6.000),
  (227,'yogdan03',6.000,143.00,858.00,6.000),
  (227,'posdan02',2.000,133.00,266.00,2.000),
  (227,'posdan03',2.000,133.00,266.00,2.000),
  (228,'yogdan03',2.000,130.00,260.00,2.000),
  (229,'yogdan01',5.000,95.00,475.00,5.000),
  (230,'bebbon02',5.000,68.00,340.00,5.000),
  (230,'crelal01',2.000,110.00,220.00,2.000),
  (230,'posdan02',1.000,133.00,133.00,1.000),
  (230,'toscha01',50.000,147.50,7375.00,50.000),
  (230,'yogbon01',1.000,169.20,169.20,1.000),
  (230,'yogdan02',2.000,81.00,162.00,2.000),
  (231,'yogalp01',100.000,60.50,6050.00,100.000),
  (231,'yogdan03',32.000,130.00,4160.00,32.000),
  (232,'toscha01',25.000,148.00,3700.00,25.000),
  (233,'bebbon01',5.000,89.00,445.00,5.000),
  (233,'maribe01',50.000,73.00,3650.00,50.000),
  (233,'toscha01',15.000,148.00,2220.00,15.000),
  (234,'bebbon01',5.000,89.00,445.00,5.000),
  (234,'bebbon02',5.000,68.00,340.00,5.000),
  (234,'geldan01',3.000,115.00,345.00,3.000),
  (234,'quechi01',1.000,345.00,345.00,1.000),
  (234,'queraa01',1.000,298.00,298.00,1.000),
  (234,'yogdan08',2.000,162.00,324.00,2.000),
  (235,'bebbon02',2.000,68.00,136.00,2.000),
  (236,'bebbon02',5.000,68.00,340.00,5.000),
  (236,'crelal01',1.000,110.00,110.00,1.000),
  (236,'posdan02',1.000,133.00,133.00,1.000),
  (236,'toscha01',50.000,147.50,7375.00,50.000),
  (236,'yogbon01',1.000,169.20,169.20,1.000),
  (236,'yogdan02',2.000,81.00,162.00,2.000),
  (237,'toscha01',25.000,148.00,3700.00,25.000),
  (237,'yogbon01',4.000,169.20,676.80,4.000),
  (238,'yogalp01',25.000,62.00,1550.00,25.000),
  (238,'crelal03',1.000,110.00,110.00,1.000),
  (238,'PalAct01',1.000,195.00,195.00,1.000),
  (238,'PalAct02',1.000,195.00,195.00,1.000),
  (238,'yogdan03',1.000,130.00,130.00,1.000),
  (239,'yogdan01',10.000,95.00,950.00,10.000),
  (239,'yogdan03',30.000,130.00,3900.00,30.000),
  (239,'yogdan05',30.000,182.00,5460.00,30.000),
  (239,'yogdan09',10.000,168.00,1680.00,10.000),
  (239,'posdan01',2.000,133.00,266.00,2.000),
  (239,'yogdan02',5.000,81.00,405.00,5.000),
  (239,'yogdan08',3.000,155.00,465.00,3.000),
  (240,'crelal01',3.000,110.00,330.00,3.000),
  (240,'crelal02',3.000,110.00,330.00,3.000),
  (240,'crelal03',10.000,110.00,1100.00,10.000),
  (240,'maribe04',10.000,174.00,1740.00,10.000),
  (240,'yogdan01',5.000,95.00,475.00,5.000),
  (240,'yogdan03',20.000,130.00,2600.00,20.000),
  (241,'bebbon02',5.000,68.00,340.00,5.000),
  (241,'geldan01',3.000,112.00,336.00,3.000),
  (241,'posdan01',2.000,130.00,260.00,2.000),
  (241,'queraa01',10.000,287.00,2870.00,10.000),
  (241,'yogdan01',5.000,90.00,450.00,5.000),
  (241,'yogdan08',1.000,155.00,155.00,1.000),
  (242,'toscar01',40.000,100.00,4000.00,40.000),
  (242,'toscha01',25.000,148.00,3700.00,25.000),
  (243,'bebbon01',5.000,89.00,445.00,5.000),
  (243,'geldan01',3.000,115.00,345.00,3.000),
  (243,'posdan01',2.000,133.00,266.00,2.000),
  (243,'queraa01',10.000,298.00,2980.00,10.000),
  (243,'yogdan01',5.000,95.00,475.00,5.000),
  (243,'yogdan08',1.000,162.00,162.00,1.000),
  (244,'bebbon01',5.000,89.00,445.00,5.000),
  (244,'bebbon02',5.000,68.00,340.00,5.000),
  (244,'manchi01',5.000,95.50,477.50,5.000),
  (244,'yogdan09',5.000,169.00,845.00,5.000),
  (245,'bebbon01',10.000,89.00,890.00,10.000),
  (245,'yogdan01',5.000,95.00,475.00,5.000),
  (245,'yogdan03',30.000,130.00,3900.00,30.000),
  (245,'yogdan05',30.000,184.00,5520.00,30.000),
  (245,'yogdan09',15.000,169.00,2535.00,15.000),
  (246,'toscha01',10.000,150.00,1500.00,10.000),
  (247,'crelal02',1.000,110.00,110.00,1.000),
  (247,'crelal03',2.000,110.00,220.00,2.000),
  (247,'crelal04',1.000,314.00,314.00,1.000),
  (247,'yogdan03',1.000,131.00,131.00,1.000),
  (247,'yogdan09',1.000,169.00,169.00,1.000),
  (248,'crealp03',5.000,278.00,1390.00,5.000),
  (248,'crelal02',4.000,110.00,440.00,4.000),
  (248,'crelal03',20.000,110.00,2200.00,20.000),
  (248,'crelal04',10.000,314.00,3140.00,10.000),
  (248,'toscha01',5.000,150.00,750.00,5.000),
  (248,'yogalp01',5.000,62.50,312.50,5.000),
  (248,'yogdan03',5.000,130.00,650.00,5.000),
  (248,'yogdan09',5.000,169.00,845.00,5.000),
  (249,'manchi04',1.000,193.00,193.00,1.000),
  (250,'crealp02',20.000,278.00,5560.00,20.000),
  (250,'crealp03',75.000,278.00,20850.00,75.000),
  (250,'posdan02',1.000,133.00,133.00,1.000),
  (250,'yogalp01',10.000,62.50,625.00,10.000),
  (251,'yogdan05',5.000,184.00,920.00,5.000),
  (252,'manchi01',1.000,95.50,95.50,1.000),
  (253,'posdan01',2.000,133.00,266.00,2.000),
  (253,'yogdan01',5.000,95.00,475.00,5.000),
  (253,'yogdan03',30.000,130.00,3900.00,30.000),
  (253,'yogdan06',1.000,169.00,169.00,1.000),
  (253,'yogdan09',2.000,169.00,338.00,2.000),
  (254,'maribe04',5.000,178.00,890.00,5.000),
  (255,'posdan01',1.000,133.00,133.00,1.000),
  (255,'yogdan09',10.000,168.00,1680.00,10.000),
  (255,'yogdan06',3.000,168.00,504.00,3.000),
  (256,'bebbon01',10.000,89.00,890.00,10.000),
  (256,'bebbon02',10.000,68.00,680.00,10.000),
  (256,'bebbon03',3.000,96.00,288.00,3.000),
  (256,'posdan02',1.000,133.00,133.00,1.000),
  (256,'quelca01',5.000,220.00,1100.00,5.000),
  (256,'yogbon01',2.000,169.20,338.40,2.000),
  (256,'yogdan03',30.000,130.00,3900.00,30.000),
  (256,'yogdan06',2.000,169.00,338.00,2.000),
  (257,'toscha01',50.000,148.00,7400.00,50.000),
  (258,'yogdan05',20.000,184.00,3680.00,20.000),
  (258,'toscar01',20.000,100.00,2000.00,20.000),
  (258,'toscha01',20.000,148.00,2960.00,20.000),
  (258,'yogdan03',20.000,130.00,2600.00,20.000),
  (259,'maribe01',100.000,72.00,7200.00,100.000),
  (259,'maribe02',50.000,61.00,3050.00,50.000),
  (259,'maribe04',50.000,174.00,8700.00,50.000),
  (260,'crealp02',16.000,278.00,4448.00,16.000),
  (260,'crealp03',75.000,278.00,20850.00,75.000),
  (260,'posdan02',1.000,133.00,133.00,1.000),
  (260,'yogalp01',10.000,62.50,625.00,10.000),
  (261,'crealp02',40.000,278.00,11120.00,40.000),
  (261,'crelal01',5.000,110.00,550.00,5.000),
  (261,'manchi01',10.000,95.50,955.00,10.000),
  (261,'bebbon01',20.000,89.00,1780.00,20.000),
  (261,'bebbon02',10.000,68.00,680.00,10.000),
  (261,'bebbon03',5.000,96.00,480.00,5.000),
  (261,'yogbon01',4.000,169.20,676.80,4.000),
  (261,'yogbon02',2.000,160.00,320.00,2.000),
  (262,'quechi01',10.000,337.00,3370.00,10.000),
  (262,'queraa01',10.000,287.00,2870.00,10.000),
  (263,'toscar01',50.000,100.00,5000.00,50.000),
  (264,'geldan01',12.000,115.00,1380.00,12.000),
  (264,'posdan02',5.000,133.00,665.00,5.000),
  (264,'toscar01',40.000,100.00,4000.00,40.000),
  (264,'yogalp01',30.000,62.50,1875.00,30.000),
  (264,'yogdan01',5.000,95.00,475.00,5.000),
  (264,'yogdan08',3.000,162.00,486.00,3.000),
  (265,'bebbon02',10.000,68.00,680.00,10.000);

COMMIT;

#
# Data for the `productos_venta` table  (LIMIT 1000,500)
#

# claveVenta:3:32768
# ClaveProducto:253:0
# Cantidad:5:32768
# Costo:5:32768
# Importe:5:32768
# Llegan:5:32768

INSERT INTO `productos_venta` (`claveVenta`, `ClaveProducto`, `Cantidad`, `Costo`, `Importe`, `Llegan`) VALUES 
  (265,'manchi01',10.000,95.50,955.00,10.000),
  (265,'manchi02',10.000,85.00,850.00,10.000),
  (265,'yogdan03',20.000,130.00,2600.00,20.000),
  (266,'bebbon01',10.000,89.00,890.00,10.000),
  (266,'bebbon02',10.000,68.00,680.00,10.000),
  (266,'toscha01',10.000,148.00,1480.00,10.000),
  (267,'bebbon01',5.000,89.00,445.00,5.000),
  (267,'bebbon02',5.000,68.00,340.00,5.000),
  (267,'toscha01',10.000,148.00,1480.00,10.000),
  (268,'geldan01',6.000,115.00,690.00,6.000),
  (268,'yogdan09',6.000,169.00,1014.00,6.000),
  (269,'yogdan01',2.000,95.00,190.00,2.000),
  (269,'yogdan03',20.000,130.00,2600.00,20.000),
  (269,'yogdan09',10.000,169.00,1690.00,10.000),
  (270,'bebbon01',5.000,89.00,445.00,5.000),
  (270,'bebbon02',5.000,68.00,340.00,5.000),
  (270,'yogbon01',2.000,169.20,338.40,2.000),
  (271,'yogdan03',20.000,130.00,2600.00,20.000),
  (272,'maribe01',20.000,73.00,1460.00,20.000),
  (272,'maribe02',10.000,61.00,610.00,10.000),
  (272,'posdan02',2.000,133.00,266.00,2.000),
  (272,'quechi01',2.000,345.00,690.00,2.000),
  (272,'queraa01',3.000,298.00,894.00,3.000),
  (272,'yogdan03',21.000,130.00,2730.00,21.000),
  (272,'yogdan09',4.000,169.00,676.00,4.000),
  (273,'posdan02',5.000,133.00,665.00,5.000),
  (274,'maribe04',15.000,174.00,2610.00,15.000),
  (274,'maribe01',30.000,73.00,2190.00,30.000),
  (274,'maribe02',20.000,61.00,1220.00,20.000),
  (274,'bebbon01',2.000,89.00,178.00,2.000),
  (274,'bebbon02',2.000,68.00,136.00,2.000),
  (274,'queraa01',8.000,295.00,2360.00,8.000),
  (274,'posdan02',1.000,133.00,133.00,1.000),
  (274,'yogalp01',8.000,60.50,484.00,8.000),
  (274,'quechi01',1.000,345.00,345.00,1.000),
  (274,'crelal01',3.000,107.00,321.00,3.000),
  (274,'queama03',2.000,112.00,224.00,2.000),
  (275,'toscha01',25.000,148.00,3700.00,25.000),
  (276,'yogdan09',10.000,165.00,1650.00,10.000),
  (277,'bebbon01',5.000,89.00,445.00,5.000),
  (277,'bebbon02',5.000,68.00,340.00,5.000),
  (277,'quelca01',5.000,220.00,1100.00,5.000),
  (277,'yogdan03',20.000,130.00,2600.00,20.000),
  (278,'maribe01',30.000,73.00,2190.00,30.000),
  (278,'maribe02',10.000,61.00,610.00,10.000),
  (278,'quelca01',5.000,225.00,1125.00,5.000),
  (278,'queraa01',5.000,298.00,1490.00,5.000),
  (278,'yogdan01',10.000,95.00,950.00,10.000),
  (278,'yogdan03',50.000,130.00,6500.00,50.000),
  (278,'yogdan05',40.000,184.00,7360.00,40.000),
  (279,'maribe01',1.000,74.00,74.00,1.000),
  (280,'queraa01',6.000,295.00,1770.00,6.000),
  (280,'manchi04',2.000,196.00,392.00,2.000),
  (280,'manchi01',1.000,95.50,95.50,1.000),
  (280,'manchi02',2.000,85.00,170.00,2.000),
  (280,'marpri01',5.000,84.00,420.00,5.000),
  (280,'queama03',6.000,112.00,672.00,6.000),
  (281,'crealp01',10.000,117.00,1170.00,10.000),
  (281,'yogalp01',20.000,61.00,1220.00,20.000),
  (281,'yogdan03',10.000,131.00,1310.00,10.000),
  (281,'yogdan05',4.000,184.00,736.00,4.000),
  (282,'yogdan03',20.000,130.00,2600.00,20.000),
  (283,'bebbon02',5.000,68.00,340.00,5.000),
  (283,'geldan01',3.000,115.00,345.00,3.000),
  (283,'posdan01',2.000,133.00,266.00,2.000),
  (283,'queraa01',10.000,298.00,2980.00,10.000),
  (283,'yogdan01',5.000,95.00,475.00,5.000),
  (283,'yogdan08',1.000,162.00,162.00,1.000),
  (284,'queama03',10.000,112.00,1120.00,10.000),
  (285,'yogdan09',2.000,169.00,338.00,2.000),
  (285,'yogdan02',1.000,81.00,81.00,1.000),
  (286,'bebbon02',1.000,68.00,68.00,1.000),
  (286,'yogdan03',2.000,132.00,264.00,2.000),
  (287,'maribe01',1.000,74.00,74.00,1.000),
  (287,'maribe02',1.000,63.00,63.00,1.000),
  (287,'geldan01',1.000,115.00,115.00,1.000),
  (287,'toscha01',1.000,150.00,150.00,1.000),
  (287,'PalAct03',1.000,290.00,290.00,1.000),
  (288,'crelal03',1.000,110.00,110.00,1.000),
  (288,'crelal04',4.000,314.00,1256.00,4.000),
  (288,'yogdan03',1.000,130.00,130.00,1.000),
  (288,'bebbon03',3.000,96.00,288.00,3.000),
  (288,'queama03',3.000,112.00,336.00,3.000),
  (288,'quelca01',2.000,225.00,450.00,2.000),
  (288,'yogbon01',1.000,169.20,169.20,1.000),
  (288,'bebbon05',1.000,86.00,86.00,1.000),
  (289,'bebbon01',1.000,89.00,89.00,1.000),
  (289,'bebbon02',1.000,68.00,68.00,1.000),
  (290,'manglo01',45.000,330.00,14850.00,45.000),
  (290,'sopmaa01',100.000,35.50,3550.00,100.000),
  (291,'cregin01',5.000,68.00,340.00,5.000),
  (291,'marpri01',5.000,84.00,420.00,5.000),
  (291,'toscha01',25.000,148.00,3700.00,25.000),
  (292,'crealp01',40.000,117.00,4680.00,40.000),
  (292,'geldan01',5.000,115.00,575.00,5.000),
  (292,'sopmaa01',100.000,35.00,3500.00,100.000),
  (292,'yogalp01',60.000,60.50,3630.00,60.000),
  (293,'bebbon01',10.000,89.00,890.00,10.000),
  (293,'toscha01',30.000,149.00,4470.00,30.000),
  (293,'yogdan03',10.000,130.00,1300.00,10.000),
  (293,'yogdan05',20.000,184.00,3680.00,20.000),
  (293,'yogdan09',9.000,169.00,1521.00,9.000),
  (294,'geldan01',8.000,115.00,920.00,8.000),
  (294,'toscha01',102.000,148.00,15096.00,102.000),
  (294,'yogdan01',10.000,95.00,950.00,10.000),
  (295,'toscha01',15.000,149.00,2235.00,15.000),
  (295,'yogdan09',1.000,169.00,169.00,1.000),
  (296,'bebbon01',1.000,89.00,89.00,1.000),
  (296,'bebbon02',1.000,68.00,68.00,1.000),
  (296,'crelal03',2.000,110.00,220.00,2.000),
  (297,'bebbon01',5.000,89.00,445.00,5.000),
  (297,'cregin01',5.000,69.00,345.00,5.000),
  (297,'queama03',5.000,112.00,560.00,5.000),
  (298,'toscha01',25.000,148.00,3700.00,25.000),
  (299,'geldan01',3.000,112.00,336.00,3.000),
  (299,'posdan02',3.000,130.00,390.00,3.000),
  (299,'toscha01',15.000,147.50,2212.50,15.000),
  (300,'yogdan09',5.000,169.00,845.00,5.000),
  (301,'crelal04',12.000,314.00,3768.00,12.000),
  (301,'yogdan03',30.000,130.00,3900.00,30.000),
  (301,'yogdan09',10.000,169.00,1690.00,10.000),
  (301,'quelca01',5.000,220.00,1100.00,5.000),
  (302,'maribe02',50.000,61.00,3050.00,50.000),
  (303,'geldan01',20.000,115.00,2300.00,20.000),
  (303,'yogdan02',5.000,81.00,405.00,5.000),
  (303,'yogdan03',20.000,130.00,2600.00,20.000),
  (303,'yogdan06',5.000,168.00,840.00,5.000),
  (303,'yogdan08',5.000,155.00,775.00,5.000),
  (304,'yogdan03',20.000,130.00,2600.00,20.000),
  (304,'yogdan01',3.000,95.00,285.00,3.000),
  (304,'maribe01',30.000,73.00,2190.00,30.000),
  (305,'yogalp01',10.000,62.50,625.00,10.000),
  (305,'crelal03',5.000,110.00,550.00,5.000),
  (306,'toscha01',100.000,148.00,14800.00,100.000),
  (306,'bebbon01',10.000,89.00,890.00,10.000),
  (307,'geldan01',3.000,115.00,345.00,3.000),
  (307,'yogdan01',2.000,95.00,190.00,2.000),
  (307,'toscha01',10.000,149.00,1490.00,10.000),
  (308,'geldan01',6.000,115.00,690.00,6.000),
  (308,'maribe01',10.000,73.00,730.00,10.000),
  (308,'maribe02',15.000,61.00,915.00,15.000),
  (308,'marpri01',10.000,84.00,840.00,10.000),
  (308,'toscha01',6.000,149.00,894.00,6.000),
  (309,'maribe03',53.000,148.00,7844.00,53.000),
  (310,'yogalp01',40.000,60.50,2420.00,40.000),
  (310,'yogdan05',20.000,184.00,3680.00,20.000),
  (310,'toscha01',25.000,148.00,3700.00,25.000),
  (311,'toscha01',20.000,148.00,2960.00,20.000),
  (312,'bebbon01',6.000,89.00,534.00,6.000),
  (312,'geldan01',10.000,115.00,1150.00,10.000),
  (312,'toscha01',20.000,150.00,3000.00,20.000),
  (313,'geldan01',6.000,115.00,690.00,6.000),
  (313,'yogdan01',5.000,95.00,475.00,5.000),
  (313,'toscha01',10.000,149.00,1490.00,10.000),
  (313,'maribe01',30.000,73.00,2190.00,30.000),
  (313,'maribe02',20.000,61.00,1220.00,20.000),
  (313,'maribe04',5.000,178.00,890.00,5.000),
  (313,'marpri01',10.000,84.00,840.00,10.000),
  (314,'bebbon01',5.000,89.00,445.00,5.000),
  (314,'bebbon02',5.000,68.00,340.00,5.000),
  (314,'manchi01',5.000,95.50,477.50,5.000),
  (314,'manchi02',5.000,85.00,425.00,5.000),
  (314,'posdan02',2.000,133.00,266.00,2.000),
  (314,'yogdan01',5.000,95.00,475.00,5.000),
  (314,'yogdan09',10.000,169.00,1690.00,10.000),
  (315,'bebbon01',5.000,89.00,445.00,5.000),
  (315,'yogdan01',5.000,95.00,475.00,5.000),
  (316,'yogdan09',5.000,169.00,845.00,5.000),
  (316,'maribe01',20.000,73.00,1460.00,20.000),
  (316,'maribe04',100.000,171.00,17100.00,100.000),
  (316,'manchi04',3.000,196.00,588.00,3.000),
  (317,'geldan01',15.000,115.00,1725.00,15.000),
  (317,'yogdan02',5.000,81.00,405.00,5.000),
  (317,'yogdan03',20.000,129.00,2580.00,20.000),
  (317,'yogdan06',5.000,169.00,845.00,5.000),
  (317,'yogdan08',5.000,155.00,775.00,5.000),
  (318,'geldan01',3.000,115.00,345.00,3.000),
  (318,'posdan02',3.000,133.00,399.00,3.000),
  (318,'toscha01',15.000,150.00,2250.00,15.000),
  (319,'bebbon01',5.000,89.00,445.00,5.000),
  (319,'cregin01',5.000,69.00,345.00,5.000),
  (319,'manglo01',5.000,330.00,1650.00,5.000),
  (319,'queama03',5.000,112.00,560.00,5.000),
  (320,'bebbon01',10.000,89.00,890.00,10.000),
  (320,'bebbon02',5.000,68.00,340.00,5.000),
  (320,'bebbon05',3.000,86.00,258.00,3.000),
  (320,'geldan01',15.000,115.00,1725.00,15.000),
  (320,'yogdan01',5.000,95.00,475.00,5.000),
  (321,'toscha01',10.000,150.00,1500.00,10.000),
  (322,'PalAct03',5.000,284.00,1420.00,5.000),
  (322,'posdan02',3.000,133.00,399.00,3.000),
  (322,'yogbon01',5.000,169.20,846.00,5.000),
  (322,'yogdan01',5.000,95.00,475.00,5.000),
  (322,'yogdan02',5.000,81.00,405.00,5.000),
  (322,'bebbon02',15.000,68.00,1020.00,15.000),
  (323,'manchi04',20.000,190.00,3800.00,20.000),
  (324,'maribe01',30.000,72.00,2160.00,30.000),
  (324,'toscha01',30.000,147.50,4425.00,30.000),
  (325,'maribe01',30.000,73.00,2190.00,30.000),
  (325,'toscha01',30.000,149.00,4470.00,30.000),
  (326,'bebbon01',3.000,89.00,267.00,3.000),
  (326,'bebbon02',3.000,68.00,204.00,3.000),
  (326,'bebbon04',4.000,66.00,264.00,4.000),
  (326,'yogdan08',2.000,162.00,324.00,2.000),
  (326,'yogdan09',5.000,168.00,840.00,5.000),
  (327,'marpri01',50.000,84.00,4200.00,50.000),
  (328,'posdan01',3.000,130.00,390.00,3.000),
  (328,'yogdan03',25.000,130.00,3250.00,25.000),
  (329,'toscha01',200.000,147.50,29500.00,200.000),
  (329,'yogdan03',50.000,130.00,6500.00,50.000),
  (330,'maribe01',10.000,73.00,730.00,10.000),
  (330,'maribe02',10.000,61.00,610.00,10.000),
  (330,'maribe04',15.000,174.00,2610.00,15.000),
  (330,'cregin01',5.000,69.00,345.00,5.000),
  (330,'crelal03',74.000,108.00,7992.00,74.000),
  (330,'manchi04',1.000,196.00,196.00,1.000),
  (330,'creran01',40.000,132.00,5280.00,40.000),
  (330,'queraa01',8.000,295.00,2360.00,8.000),
  (330,'bebbon01',2.000,89.00,178.00,2.000),
  (330,'bebbon02',2.000,68.00,136.00,2.000),
  (331,'yogalp01',20.000,62.50,1250.00,20.000),
  (331,'yogdan05',6.000,184.00,1104.00,6.000),
  (332,'yogdan05',40.000,184.00,7360.00,40.000),
  (333,'yogdan03',3.000,130.00,390.00,3.000),
  (333,'maribe01',10.000,73.00,730.00,10.000),
  (333,'maribe02',5.000,62.00,310.00,5.000),
  (333,'bebbon01',3.000,89.00,267.00,3.000),
  (333,'bebbon02',2.000,68.00,136.00,2.000),
  (333,'yogalp01',20.000,62.50,1250.00,20.000),
  (333,'yogdan05',5.000,184.00,920.00,5.000),
  (334,'yogalp01',30.000,62.00,1860.00,30.000),
  (334,'yogdan05',5.000,184.00,920.00,5.000),
  (335,'crelal01',6.000,110.00,660.00,6.000),
  (335,'yogdan05',20.000,184.00,3680.00,20.000),
  (335,'geldan01',2.000,115.00,230.00,2.000),
  (335,'posdan02',2.000,133.00,266.00,2.000),
  (335,'yogdan02',2.000,81.00,162.00,2.000),
  (335,'cregin01',3.000,69.00,207.00,3.000),
  (335,'bebbon05',2.000,86.00,172.00,2.000),
  (335,'maribe02',10.000,63.00,630.00,10.000),
  (335,'yogalp01',30.000,62.50,1875.00,30.000),
  (335,'yogdan09',3.000,169.00,507.00,3.000),
  (336,'maribe01',10.000,73.00,730.00,10.000),
  (336,'maribe02',5.000,61.00,305.00,5.000),
  (336,'quechi01',2.000,345.00,690.00,2.000),
  (336,'bebbon01',5.000,89.00,445.00,5.000),
  (336,'bebbon02',5.000,68.00,340.00,5.000),
  (337,'yogdan03',20.000,130.00,2600.00,20.000),
  (337,'yogdan02',2.000,81.00,162.00,2.000),
  (337,'maribe01',40.000,73.00,2920.00,40.000),
  (337,'maribe04',5.000,178.00,890.00,5.000),
  (338,'cregin01',30.000,67.00,2010.00,30.000),
  (339,'yogdan03',50.000,130.00,6500.00,50.000),
  (339,'yogdan01',15.000,93.00,1395.00,15.000),
  (340,'crelal04',1.000,314.00,314.00,1.000),
  (340,'yogalp01',3.000,61.50,184.50,3.000),
  (340,'yogdan03',1.000,130.00,130.00,1.000),
  (341,'toscha01',50.000,150.00,7500.00,50.000),
  (342,'geldan01',1.000,115.00,115.00,1.000),
  (342,'cregin01',5.000,69.00,345.00,5.000),
  (342,'queama03',20.000,112.00,2240.00,20.000),
  (342,'queraa01',2.000,298.00,596.00,2.000),
  (342,'quechi01',2.000,345.00,690.00,2.000),
  (343,'yogdan05',5.000,184.00,920.00,5.000),
  (343,'yogdan03',6.000,130.00,780.00,6.000),
  (343,'yogdan09',1.000,168.00,168.00,1.000),
  (343,'toscha01',20.000,149.00,2980.00,20.000),
  (344,'yogalp01',50.000,60.50,3025.00,50.000),
  (345,'maribe04',50.000,173.00,8650.00,50.000),
  (345,'cregin01',5.000,68.00,340.00,5.000),
  (345,'bebbon01',10.000,89.00,890.00,10.000),
  (346,'yogdan03',20.000,130.00,2600.00,20.000),
  (346,'yogdan09',10.000,169.00,1690.00,10.000),
  (346,'yogdan08',2.000,162.00,324.00,2.000),
  (347,'maribe02',50.000,61.00,3050.00,50.000),
  (347,'maribe04',10.000,178.00,1780.00,10.000),
  (348,'yogdan03',10.000,130.00,1300.00,10.000),
  (348,'yogdan01',3.000,95.00,285.00,3.000),
  (348,'yogdan09',4.000,169.00,676.00,4.000),
  (349,'yogdan05',10.000,184.00,1840.00,10.000),
  (349,'yogdan09',10.000,169.00,1690.00,10.000),
  (349,'toscha01',10.000,149.00,1490.00,10.000),
  (349,'queama03',7.000,112.00,784.00,7.000),
  (349,'posdan03',2.000,133.00,266.00,2.000),
  (350,'yogalp01',1.000,62.50,62.50,1.000),
  (351,'yogdan03',20.000,130.00,2600.00,20.000),
  (351,'yogdan01',10.000,95.00,950.00,10.000),
  (351,'yogdan06',2.000,169.00,338.00,2.000),
  (351,'maribe02',50.000,61.00,3050.00,50.000),
  (351,'posdan03',3.000,133.00,399.00,3.000),
  (352,'bebbon01',5.000,89.00,445.00,5.000),
  (352,'bebbon02',5.000,68.00,340.00,5.000),
  (352,'cregin01',10.000,66.00,660.00,10.000),
  (352,'manchi04',5.000,196.00,980.00,5.000),
  (352,'yogdan03',15.000,130.00,1950.00,15.000),
  (352,'yogdan09',6.000,169.00,1014.00,6.000),
  (353,'toscha01',40.000,148.00,5920.00,40.000),
  (354,'marpri01',15.000,84.00,1260.00,15.000),
  (355,'cregin01',10.000,69.00,690.00,10.000),
  (355,'maribe01',30.000,73.00,2190.00,30.000),
  (355,'maribe02',20.000,61.00,1220.00,20.000),
  (356,'bebbon02',5.000,68.00,340.00,5.000),
  (357,'yogdan06',2.000,169.00,338.00,2.000),
  (357,'yogdan09',21.000,169.00,3549.00,21.000),
  (358,'crelal03',50.000,108.00,5400.00,50.000),
  (358,'yogdan01',2.000,95.00,190.00,2.000),
  (358,'yogdan03',20.000,130.00,2600.00,20.000),
  (358,'yogdan09',5.000,169.00,845.00,5.000),
  (359,'bebbon02',20.000,68.00,1360.00,20.000),
  (359,'posdan01',1.000,133.00,133.00,1.000),
  (359,'yogalp01',50.000,62.50,3125.00,50.000),
  (360,'bebbon02',5.000,68.00,340.00,5.000),
  (360,'bebbon04',3.000,66.00,198.00,3.000),
  (360,'bebbon05',3.000,86.00,258.00,3.000),
  (360,'geldan01',6.000,115.00,690.00,6.000),
  (360,'posdan02',3.000,133.00,399.00,3.000),
  (360,'posdan03',3.000,133.00,399.00,3.000),
  (360,'yogbon02',1.000,160.00,160.00,1.000),
  (360,'yogdan08',2.000,162.00,324.00,2.000),
  (361,'posdan02',5.000,133.00,665.00,5.000),
  (361,'yogbon01',2.000,169.20,338.40,2.000),
  (362,'toscha01',10.000,150.00,1500.00,10.000),
  (363,'bebbon01',5.000,89.00,445.00,5.000),
  (363,'cregin01',5.000,69.00,345.00,5.000),
  (363,'yogdan08',1.000,162.00,162.00,1.000),
  (363,'yogdan09',5.000,169.00,845.00,5.000),
  (364,'yogbon02',2.000,160.00,320.00,2.000),
  (365,'maribe03',4.000,148.00,592.00,4.000),
  (365,'maribe01',6.000,73.00,438.00,6.000),
  (365,'yogdan09',1.000,169.00,169.00,1.000),
  (365,'toscha01',5.000,149.00,745.00,5.000),
  (365,'quechi01',1.000,345.00,345.00,1.000),
  (365,'cregin01',1.000,69.00,69.00,1.000),
  (365,'queama03',1.000,112.00,112.00,1.000),
  (366,'maribe01',6.000,73.00,438.00,6.000),
  (366,'maribe03',4.000,148.00,592.00,4.000),
  (366,'queama03',1.000,112.00,112.00,1.000),
  (366,'quechi01',1.000,345.00,345.00,1.000),
  (366,'toscha01',5.000,149.00,745.00,5.000),
  (366,'yogdan09',1.000,169.00,169.00,1.000),
  (367,'bebbon01',20.000,89.00,1780.00,20.000),
  (367,'bebbon02',10.000,68.00,680.00,10.000),
  (367,'yogalp01',20.000,62.50,1250.00,20.000),
  (367,'yogdan03',15.000,130.00,1950.00,15.000),
  (367,'yogdan05',3.000,184.00,552.00,3.000),
  (368,'toscha01',5.000,148.00,740.00,5.000),
  (369,'yogalp01',40.000,61.00,2440.00,40.000),
  (370,'yogdan03',30.000,130.00,3900.00,30.000),
  (371,'bebVIÑ01',200.000,96.00,19200.00,200.000),
  (372,'posdan01',1.000,133.00,133.00,1.000),
  (372,'maribe01',407.000,72.50,29507.50,407.000),
  (372,'maribe02',150.000,62.50,9375.00,150.000),
  (372,'cregin01',85.000,66.50,5652.50,85.000),
  (373,'yogdan03',40.000,130.00,5200.00,40.000),
  (374,'yogdan05',5.000,182.00,910.00,5.000),
  (374,'yogdan03',20.000,130.00,2600.00,20.000),
  (374,'yogdan01',10.000,93.00,930.00,10.000),
  (375,'toscar01',20.000,100.00,2000.00,20.000),
  (376,'bebbon01',1.000,89.00,89.00,1.000),
  (376,'bebbon02',1.000,68.00,68.00,1.000),
  (376,'toscar01',40.000,100.00,4000.00,40.000),
  (377,'toscha01',25.000,148.00,3700.00,25.000),
  (377,'manchi04',2.000,193.00,386.00,2.000),
  (378,'toscar01',40.000,100.00,4000.00,40.000),
  (379,'yogdan03',30.000,130.00,3900.00,30.000),
  (379,'geldan01',10.000,115.00,1150.00,10.000),
  (380,'toscar01',20.000,100.00,2000.00,20.000),
  (381,'maribe01',407.000,73.00,29711.00,407.000),
  (381,'maribe02',264.000,61.00,16104.00,264.000),
  (381,'maribe04',102.000,172.00,17544.00,102.000),
  (382,'queraa01',3.000,298.00,894.00,3.000),
  (383,'toscar01',40.000,100.00,4000.00,40.000),
  (384,'yogdan09',5.000,169.00,845.00,5.000),
  (385,'toscar01',15.000,100.00,1500.00,15.000),
  (386,'queama03',5.000,112.00,560.00,5.000),
  (386,'yogdan03',2.000,130.00,260.00,2.000),
  (386,'yogdan09',2.000,169.00,338.00,2.000),
  (387,'crelal02',1.000,110.00,110.00,1.000),
  (387,'crelal03',3.000,110.00,330.00,3.000),
  (387,'crelal04',1.000,314.00,314.00,1.000),
  (388,'toscha01',50.000,149.00,7450.00,50.000),
  (389,'quechi01',10.000,345.00,3450.00,10.000),
  (390,'maribe01',130.000,73.00,9490.00,130.000),
  (390,'maribe03',5.000,148.00,740.00,5.000),
  (390,'maribe04',25.000,178.00,4450.00,25.000),
  (390,'queraa01',15.000,298.00,4470.00,15.000),
  (390,'quechi01',10.000,345.00,3450.00,10.000),
  (390,'bebbon01',68.000,89.00,6052.00,68.000),
  (390,'bebbon02',63.000,68.00,4284.00,63.000),
  (390,'yogbon01',7.000,169.20,1184.40,7.000),
  (390,'yogbon02',2.000,160.00,320.00,2.000),
  (390,'marpri01',15.000,84.00,1260.00,15.000),
  (391,'yogdan03',30.000,130.00,3900.00,30.000),
  (391,'maribe04',80.000,178.00,14240.00,80.000),
  (392,'maribe03',5.000,148.00,740.00,5.000),
  (393,'toscha01',200.000,147.50,29500.00,200.000),
  (393,'yogdan03',50.000,130.00,6500.00,50.000),
  (393,'yogdan05',10.000,184.00,1840.00,10.000),
  (393,'yogdan09',10.000,169.00,1690.00,10.000),
  (394,'bebbon01',5.000,89.00,445.00,5.000),
  (395,'geldan01',12.000,115.00,1380.00,12.000),
  (395,'queraa01',5.000,298.00,1490.00,5.000),
  (395,'toscar01',55.000,100.00,5500.00,55.000),
  (395,'yogdan01',4.000,95.00,380.00,4.000),
  (395,'yogdan02',2.000,81.00,162.00,2.000),
  (396,'maribe01',50.000,73.00,3650.00,50.000),
  (396,'maribe04',10.000,173.00,1730.00,10.000),
  (396,'posdan01',2.000,133.00,266.00,2.000),
  (396,'posdan02',5.000,133.00,665.00,5.000),
  (396,'yogdan09',5.000,165.00,825.00,5.000),
  (397,'crealp03',50.000,278.00,13900.00,50.000),
  (398,'quechi01',2.000,345.00,690.00,2.000),
  (398,'yogdan03',20.000,130.00,2600.00,20.000),
  (399,'bebbon01',11.000,89.00,979.00,11.000),
  (399,'posdan03',5.000,133.00,665.00,5.000),
  (399,'yogdan03',30.000,130.00,3900.00,30.000),
  (399,'yogdan06',2.000,169.00,338.00,2.000),
  (400,'yogdan09',5.000,169.00,845.00,5.000),
  (401,'bebbon01',5.000,89.00,445.00,5.000),
  (401,'yogalp01',20.000,62.50,1250.00,20.000),
  (401,'yogdan05',20.000,183.00,3660.00,20.000),
  (402,'bebbon01',5.000,89.00,445.00,5.000),
  (402,'marpri01',20.000,84.00,1680.00,20.000),
  (403,'yogdan03',30.000,130.00,3900.00,30.000),
  (404,'crelal01',4.000,110.00,440.00,4.000),
  (404,'crelal03',5.000,110.00,550.00,5.000),
  (404,'crelal04',4.000,314.00,1256.00,4.000),
  (404,'geldan01',6.000,115.00,690.00,6.000),
  (404,'posdan02',2.000,133.00,266.00,2.000),
  (404,'posdan03',2.000,133.00,266.00,2.000),
  (404,'yogdan03',10.000,130.00,1300.00,10.000),
  (404,'yogdan09',4.000,169.00,676.00,4.000),
  (405,'crelal02',3.000,110.00,330.00,3.000),
  (405,'crelal03',3.000,110.00,330.00,3.000),
  (405,'toscha01',50.000,147.50,7375.00,50.000),
  (406,'bebbon01',10.000,89.00,890.00,10.000),
  (407,'maribe01',80.000,73.00,5840.00,80.000),
  (407,'maribe04',20.000,178.00,3560.00,20.000),
  (408,'toscha01',10.000,150.00,1500.00,10.000),
  (409,'bebbon01',10.000,89.00,890.00,10.000),
  (409,'bebbon02',5.000,68.00,340.00,5.000),
  (409,'posdan02',5.000,133.00,665.00,5.000),
  (409,'posdan03',5.000,133.00,665.00,5.000),
  (409,'yogdan03',30.000,130.00,3900.00,30.000),
  (409,'yogdan08',3.000,162.00,486.00,3.000),
  (409,'yogdan09',15.000,169.00,2535.00,15.000),
  (410,'yogalp01',500.000,60.00,30000.00,500.000),
  (411,'posdan02',2.000,133.00,266.00,2.000),
  (411,'queama03',50.000,107.00,5350.00,50.000),
  (412,'quelca01',5.000,225.00,1125.00,5.000),
  (413,'crelal02',5.000,110.00,550.00,5.000),
  (413,'crelal03',20.000,109.00,2180.00,20.000),
  (413,'crelal04',5.000,314.00,1570.00,5.000),
  (413,'manchi04',2.000,196.00,392.00,2.000),
  (413,'maribe04',7.000,178.00,1246.00,7.000),
  (413,'quechi01',2.000,343.00,686.00,2.000),
  (413,'yogalp01',10.000,63.00,630.00,10.000),
  (413,'yogdan03',5.000,131.00,655.00,5.000),
  (413,'yogdan05',5.000,184.00,920.00,5.000),
  (413,'yogdan09',3.000,169.00,507.00,3.000),
  (414,'manchi01',15.000,95.50,1432.50,15.000),
  (414,'queama03',5.000,107.00,535.00,5.000),
  (414,'toscha01',50.000,148.00,7400.00,50.000),
  (415,'crelal01',30.000,107.00,3210.00,30.000),
  (415,'posdan03',5.000,133.00,665.00,5.000),
  (415,'yogalp01',50.000,60.50,3025.00,50.000),
  (416,'bebbon01',5.000,89.00,445.00,5.000),
  (416,'bebbon02',5.000,68.00,340.00,5.000),
  (416,'queama03',5.000,112.00,560.00,5.000),
  (416,'toscha01',25.000,148.00,3700.00,25.000),
  (417,'geldan01',3.000,115.00,345.00,3.000),
  (417,'posdan02',1.000,133.00,133.00,1.000),
  (417,'yogdan01',2.000,95.00,190.00,2.000),
  (417,'yogdan03',15.000,129.00,1935.00,15.000),
  (417,'yogdan05',5.000,184.00,920.00,5.000),
  (418,'crelal03',80.000,108.00,8640.00,80.000),
  (418,'crelal04',20.000,314.00,6280.00,20.000),
  (419,'bebbon05',10.000,86.00,860.00,10.000),
  (420,'bebbon01',20.000,89.00,1780.00,20.000),
  (420,'yogbon01',1.000,169.20,169.20,1.000),
  (420,'yogbon02',1.000,160.00,160.00,1.000),
  (421,'posdan03',2.000,133.00,266.00,2.000),
  (421,'yogdan01',3.000,95.00,285.00,3.000),
  (421,'yogdan03',20.000,130.00,2600.00,20.000),
  (422,'geldan01',5.000,115.00,575.00,5.000),
  (422,'toscha01',50.000,148.00,7400.00,50.000),
  (422,'yogdan03',30.000,130.00,3900.00,30.000),
  (422,'yogdan05',14.000,184.00,2576.00,14.000),
  (422,'yogdan06',2.000,169.00,338.00,2.000),
  (423,'yogalp01',20.000,63.00,1260.00,20.000),
  (423,'yogbon01',2.000,169.20,338.40,2.000),
  (423,'yogbon02',2.000,160.00,320.00,2.000),
  (423,'yogdan03',10.000,130.00,1300.00,10.000),
  (423,'yogdan05',5.000,184.00,920.00,5.000),
  (424,'bebbon05',10.000,86.00,860.00,10.000),
  (424,'queama03',5.000,112.00,560.00,5.000),
  (425,'geldan01',3.000,115.00,345.00,3.000),
  (425,'yogdan03',20.000,130.00,2600.00,20.000),
  (426,'bebbon01',5.000,89.00,445.00,5.000),
  (426,'PalAct01',4.000,192.00,768.00,4.000);

COMMIT;

#
# Data for the `productos_venta` table  (LIMIT 1500,500)
#

# claveVenta:3:32768
# ClaveProducto:253:0
# Cantidad:5:32768
# Costo:5:32768
# Importe:5:32768
# Llegan:5:32768

INSERT INTO `productos_venta` (`claveVenta`, `ClaveProducto`, `Cantidad`, `Costo`, `Importe`, `Llegan`) VALUES 
  (426,'PalAct02',4.000,192.00,768.00,4.000),
  (426,'sopmaa01',200.000,35.00,7000.00,200.000),
  (426,'toscha01',20.000,150.00,3000.00,20.000),
  (426,'yogdan02',2.000,81.00,162.00,2.000),
  (426,'yogdan05',20.000,184.00,3680.00,20.000),
  (426,'yogdan08',2.000,162.00,324.00,2.000),
  (426,'yogdan09',5.000,169.00,845.00,5.000),
  (427,'yogdan01',3.000,95.00,285.00,3.000),
  (427,'yogdan03',20.000,130.00,2600.00,20.000),
  (428,'toscha01',10.000,150.00,1500.00,10.000),
  (429,'bebbon01',10.000,89.00,890.00,10.000),
  (429,'bebbon02',5.000,68.00,340.00,5.000),
  (429,'bebbon04',4.000,66.00,264.00,4.000),
  (429,'quechi01',5.000,345.00,1725.00,5.000),
  (429,'yogdan02',5.000,81.00,405.00,5.000),
  (430,'bebbon02',10.000,68.00,680.00,10.000),
  (430,'yogdan05',40.000,184.00,7360.00,40.000),
  (431,'manchi04',10.000,196.00,1960.00,10.000),
  (432,'yogdan05',15.000,182.00,2730.00,15.000),
  (433,'bebbon05',5.000,86.00,430.00,5.000),
  (433,'manchi01',15.000,95.50,1432.50,15.000),
  (433,'queama03',5.000,108.00,540.00,5.000),
  (433,'toscha01',50.000,148.00,7400.00,50.000),
  (434,'yogdan03',30.000,130.00,3900.00,30.000),
  (434,'yogdan05',30.000,184.00,5520.00,30.000),
  (435,'manchi01',10.000,95.50,955.00,10.000),
  (435,'marpri01',70.000,82.00,5740.00,70.000),
  (435,'posdan02',10.000,133.00,1330.00,10.000),
  (435,'queraa01',5.000,298.00,1490.00,5.000),
  (435,'yogdan03',20.000,130.00,2600.00,20.000),
  (436,'yogdan03',20.000,130.00,2600.00,20.000),
  (436,'maribe01',30.000,73.00,2190.00,30.000),
  (436,'quelca01',2.000,225.00,450.00,2.000),
  (437,'quelca01',15.000,220.00,3300.00,15.000),
  (438,'geldan01',15.000,115.00,1725.00,15.000),
  (438,'posdan01',3.000,130.00,390.00,3.000),
  (438,'posdan03',6.000,130.00,780.00,6.000),
  (438,'yogdan03',60.000,130.00,7800.00,60.000),
  (438,'yogdan06',5.000,168.00,840.00,5.000),
  (438,'yogdan08',3.000,155.00,465.00,3.000),
  (439,'geldan01',3.000,115.00,345.00,3.000),
  (439,'yogdan01',3.000,95.00,285.00,3.000),
  (439,'yogdan03',15.000,130.00,1950.00,15.000),
  (439,'yogdan05',10.000,184.00,1840.00,10.000),
  (439,'yogdan06',1.000,168.00,168.00,1.000),
  (439,'yogdan09',5.000,169.00,845.00,5.000),
  (440,'crelal04',4.000,314.00,1256.00,4.000),
  (440,'maribe01',15.000,73.00,1095.00,15.000),
  (440,'toscha01',10.000,149.00,1490.00,10.000),
  (440,'yogalp01',15.000,62.50,937.50,15.000),
  (441,'maribe01',20.000,73.00,1460.00,20.000),
  (441,'maribe04',10.000,174.00,1740.00,10.000),
  (441,'toscha01',10.000,149.00,1490.00,10.000),
  (442,'manchi01',20.000,95.50,1910.00,20.000),
  (442,'manchi02',20.000,85.00,1700.00,20.000),
  (442,'marpri01',35.000,84.00,2940.00,35.000),
  (442,'toscha01',25.000,148.00,3700.00,25.000),
  (443,'crelal04',50.000,314.00,15700.00,50.000),
  (444,'posdan01',1.000,133.00,133.00,1.000),
  (444,'posdan02',3.000,133.00,399.00,3.000),
  (444,'yogdan01',3.000,95.00,285.00,3.000),
  (444,'yogdan02',1.000,81.00,81.00,1.000),
  (444,'yogdan05',20.000,184.00,3680.00,20.000),
  (444,'geldan01',4.000,115.00,460.00,4.000),
  (445,'yogdan03',20.000,130.00,2600.00,20.000),
  (445,'yogdan09',10.000,169.00,1690.00,10.000),
  (445,'yogdan06',4.000,169.00,676.00,4.000),
  (445,'toscha01',20.000,149.00,2980.00,20.000),
  (446,'yogdan05',15.000,184.00,2760.00,15.000),
  (446,'queraa01',20.000,287.00,5740.00,20.000),
  (446,'quechi01',20.000,337.00,6740.00,20.000),
  (447,'bebbon01',1.000,89.00,89.00,1.000),
  (447,'bebbon02',1.000,68.00,68.00,1.000),
  (447,'manchi02',1.000,85.00,85.00,1.000),
  (448,'yogalp01',20.000,63.00,1260.00,20.000),
  (449,'crelal01',10.000,110.00,1100.00,10.000),
  (449,'crelal02',10.000,110.00,1100.00,10.000),
  (449,'crelal03',10.000,110.00,1100.00,10.000),
  (449,'manchi01',10.000,95.50,955.00,10.000),
  (449,'manchi02',10.000,85.00,850.00,10.000),
  (449,'maribe04',10.000,178.00,1780.00,10.000),
  (449,'posdan02',6.000,133.00,798.00,6.000),
  (449,'toscha01',20.000,148.00,2960.00,20.000),
  (449,'yogdan08',2.000,162.00,324.00,2.000),
  (450,'crelal02',50.000,108.00,5400.00,50.000),
  (450,'crelal03',100.000,108.00,10800.00,100.000),
  (450,'crelal01',12.000,108.00,1296.00,12.000),
  (450,'queraa01',10.000,295.00,2950.00,10.000),
  (450,'posdan02',1.000,133.00,133.00,1.000),
  (450,'bebbon02',1.000,68.00,68.00,1.000),
  (450,'yogalp01',3.000,60.00,180.00,3.000),
  (450,'manchi04',2.000,196.00,392.00,2.000),
  (450,'maribe04',10.000,174.00,1740.00,10.000),
  (451,'bebbon01',10.000,89.00,890.00,10.000),
  (451,'bebbon02',5.000,68.00,340.00,5.000),
  (451,'bebbon04',2.000,66.00,132.00,2.000),
  (451,'quechi01',5.000,345.00,1725.00,5.000),
  (451,'yogdan02',5.000,81.00,405.00,5.000),
  (452,'maribe01',10.000,73.00,730.00,10.000),
  (452,'queraa01',2.000,295.00,590.00,2.000),
  (453,'manchi01',15.000,95.50,1432.50,15.000),
  (453,'quechi01',5.000,345.00,1725.00,5.000),
  (453,'queraa01',5.000,298.00,1490.00,5.000),
  (453,'toscha01',50.000,148.00,7400.00,50.000),
  (453,'yogdan03',30.000,131.00,3930.00,30.000),
  (453,'yogdan05',25.000,184.00,4600.00,25.000),
  (453,'yogdan09',20.000,169.00,3380.00,20.000),
  (454,'quechi01',5.000,345.00,1725.00,5.000),
  (454,'queraa01',5.000,298.00,1490.00,5.000),
  (455,'toscha01',75.000,148.00,11100.00,75.000),
  (456,'bebbon01',5.000,89.00,445.00,5.000),
  (456,'maribe01',30.000,74.00,2220.00,30.000),
  (456,'maribe02',20.000,62.00,1240.00,20.000),
  (456,'toscha01',75.000,149.00,11175.00,75.000),
  (456,'yogdan03',10.000,130.00,1300.00,10.000),
  (456,'yogdan05',10.000,184.00,1840.00,10.000),
  (456,'yogdan09',6.000,169.00,1014.00,6.000),
  (457,'bebbon01',10.000,89.00,890.00,10.000),
  (457,'bebbon02',5.000,68.00,340.00,5.000),
  (457,'bebbon03',3.000,96.00,288.00,3.000),
  (457,'posdan02',1.000,133.00,133.00,1.000),
  (457,'posdan03',1.000,133.00,133.00,1.000),
  (457,'yogbon01',1.000,169.20,169.20,1.000),
  (457,'yogdan01',4.000,95.00,380.00,4.000),
  (457,'yogdan03',10.000,130.00,1300.00,10.000),
  (457,'yogdan05',5.000,184.00,920.00,5.000),
  (457,'yogdan08',1.000,162.00,162.00,1.000),
  (458,'geldan01',6.000,115.00,690.00,6.000),
  (458,'manchi01',3.000,95.50,286.50,3.000),
  (458,'posdan02',1.000,133.00,133.00,1.000),
  (458,'yogdan01',1.000,95.00,95.00,1.000),
  (458,'yogdan03',20.000,130.00,2600.00,20.000),
  (458,'yogdan09',5.000,169.00,845.00,5.000),
  (459,'cregin01',2.000,69.00,138.00,2.000),
  (459,'toscha01',5.000,149.00,745.00,5.000),
  (459,'yogdan03',3.000,130.00,390.00,3.000),
  (460,'quechi01',5.000,345.00,1725.00,5.000),
  (460,'queraa01',5.000,298.00,1490.00,5.000),
  (460,'toscha01',100.000,148.00,14800.00,100.000),
  (460,'yogalp01',50.000,62.50,3125.00,50.000),
  (460,'yogdan09',20.000,168.00,3360.00,20.000),
  (461,'bebbon01',5.000,89.00,445.00,5.000),
  (461,'cregin01',10.000,69.00,690.00,10.000),
  (461,'queama03',10.000,112.00,1120.00,10.000),
  (462,'crelal02',1.000,110.00,110.00,1.000),
  (462,'crelal03',4.000,110.00,440.00,4.000),
  (462,'crelal04',1.000,314.00,314.00,1.000),
  (463,'toscha01',25.000,150.00,3750.00,25.000),
  (463,'yogdan05',10.000,184.00,1840.00,10.000),
  (464,'cregin01',10.000,69.00,690.00,10.000),
  (464,'posdan02',3.000,133.00,399.00,3.000),
  (464,'yogdan09',10.000,168.00,1680.00,10.000),
  (465,'bebbon01',5.000,89.00,445.00,5.000),
  (465,'bebbon02',5.000,68.00,340.00,5.000),
  (465,'posdan02',1.000,133.00,133.00,1.000),
  (465,'yogdan01',2.000,95.00,190.00,2.000),
  (466,'bebbon01',10.000,89.00,890.00,10.000),
  (466,'bebbon02',5.000,68.00,340.00,5.000),
  (466,'crealp01',75.000,117.00,8775.00,75.000),
  (466,'cregin01',20.000,69.00,1380.00,20.000),
  (466,'maribe01',100.000,73.00,7300.00,100.000),
  (466,'maribe04',5.000,178.00,890.00,5.000),
  (466,'yogdan01',5.000,95.00,475.00,5.000),
  (467,'toscha01',10.000,148.00,1480.00,10.000),
  (468,'geldan01',15.000,115.00,1725.00,15.000),
  (468,'posdan01',3.000,133.00,399.00,3.000),
  (468,'posdan02',5.000,133.00,665.00,5.000),
  (468,'posdan03',5.000,133.00,665.00,5.000),
  (468,'yogbon01',4.000,169.20,676.80,4.000),
  (468,'yogdan01',10.000,95.00,950.00,10.000),
  (468,'yogdan02',6.000,81.00,486.00,6.000),
  (468,'yogdan03',20.000,129.00,2580.00,20.000),
  (468,'yogdan05',20.000,182.00,3640.00,20.000),
  (468,'yogdan06',2.000,168.00,336.00,2.000),
  (468,'yogdan08',3.000,155.00,465.00,3.000),
  (468,'yogdan09',10.000,165.00,1650.00,10.000),
  (469,'bebbon04',6.000,66.00,396.00,6.000),
  (469,'crealp02',50.000,278.00,13900.00,50.000),
  (469,'crealp03',25.000,278.00,6950.00,25.000),
  (469,'posdan03',2.000,133.00,266.00,2.000),
  (469,'toscha01',12.000,148.00,1776.00,12.000),
  (469,'yogbon01',1.000,169.20,169.20,1.000),
  (470,'yogdan09',10.000,169.00,1690.00,10.000),
  (471,'crealp01',75.000,117.00,8775.00,75.000),
  (471,'crealp02',50.000,278.00,13900.00,50.000),
  (471,'crealp03',25.000,278.00,6950.00,25.000),
  (471,'toscha01',50.000,148.00,7400.00,50.000),
  (472,'cregin01',3.000,69.00,207.00,3.000),
  (472,'quechi01',3.000,345.00,1035.00,3.000),
  (472,'yogdan01',4.000,95.00,380.00,4.000),
  (473,'bebbon02',15.000,68.00,1020.00,15.000),
  (473,'geldan01',6.000,113.00,678.00,6.000),
  (473,'posdan01',1.000,133.00,133.00,1.000),
  (473,'posdan03',6.000,133.00,798.00,6.000),
  (473,'toscha01',100.000,150.00,15000.00,100.000),
  (473,'yogdan03',50.000,130.00,6500.00,50.000),
  (473,'yogdan06',3.000,169.00,507.00,3.000),
  (473,'yogdan08',3.000,162.00,486.00,3.000),
  (473,'yogdan09',10.000,169.00,1690.00,10.000),
  (474,'bebbon01',5.000,89.00,445.00,5.000),
  (474,'bebbon02',10.000,68.00,680.00,10.000),
  (474,'yogdan03',15.000,130.00,1950.00,15.000),
  (475,'yogdan05',30.000,184.00,5520.00,30.000),
  (475,'yogdan09',20.000,169.00,3380.00,20.000),
  (476,'queama03',20.000,112.00,2240.00,20.000),
  (477,'yogdan01',5.000,95.00,475.00,5.000),
  (477,'yogdan02',2.000,81.00,162.00,2.000),
  (477,'yogdan03',40.000,130.00,5200.00,40.000),
  (478,'yogbon01',3.000,169.20,507.60,3.000),
  (479,'bebbon01',10.000,89.00,890.00,10.000),
  (479,'bebbon02',5.000,68.00,340.00,5.000),
  (479,'geldan01',7.000,115.00,805.00,7.000),
  (479,'posdan02',3.000,133.00,399.00,3.000),
  (479,'queama03',1.000,112.00,112.00,1.000),
  (479,'queraa01',1.000,298.00,298.00,1.000),
  (479,'yogdan01',6.000,95.00,570.00,6.000),
  (479,'yogdan03',50.000,130.00,6500.00,50.000),
  (479,'yogdan05',2.000,184.00,368.00,2.000),
  (480,'crelal02',40.000,107.00,4280.00,40.000),
  (480,'crelal03',30.000,107.00,3210.00,30.000),
  (480,'yogdan01',15.000,93.00,1395.00,15.000),
  (480,'yogdan05',100.000,182.00,18200.00,100.000),
  (481,'geldan01',6.000,115.00,690.00,6.000),
  (481,'maribe01',20.000,73.00,1460.00,20.000),
  (481,'maribe03',5.000,148.00,740.00,5.000),
  (481,'yogdan05',10.000,184.00,1840.00,10.000),
  (482,'yogdan01',6.000,93.00,558.00,6.000),
  (482,'yogdan05',3.000,182.00,546.00,3.000),
  (482,'yogdan06',3.000,168.00,504.00,3.000),
  (482,'yogdan09',10.000,168.00,1680.00,10.000),
  (483,'maribe01',50.000,73.00,3650.00,50.000),
  (483,'maribe02',30.000,61.00,1830.00,30.000),
  (483,'toscha01',25.000,148.00,3700.00,25.000),
  (484,'bebbon01',5.000,89.00,445.00,5.000),
  (484,'bebbon02',5.000,68.00,340.00,5.000),
  (484,'posdan02',1.000,133.00,133.00,1.000),
  (484,'yogbon01',1.000,169.20,169.20,1.000),
  (484,'yogdan01',3.000,95.00,285.00,3.000),
  (484,'yogdan06',3.000,169.00,507.00,3.000),
  (485,'maribe03',5.000,148.00,740.00,5.000),
  (485,'queama03',15.000,112.00,1680.00,15.000),
  (485,'maribe04',10.000,180.00,1800.00,10.000),
  (485,'quechi01',3.000,345.00,1035.00,3.000),
  (486,'bebbon01',4.000,89.00,356.00,4.000),
  (486,'bebbon02',2.000,68.00,136.00,2.000),
  (486,'queama03',30.000,112.00,3360.00,30.000),
  (486,'yogdan03',8.000,130.00,1040.00,8.000),
  (486,'yogdan05',3.000,184.00,552.00,3.000),
  (486,'yogdan09',2.000,169.00,338.00,2.000),
  (487,'toscha01',20.000,148.00,2960.00,20.000),
  (488,'toscha01',100.000,147.50,14750.00,100.000),
  (489,'bebbon01',10.000,89.00,890.00,10.000),
  (489,'yogbon01',4.000,169.20,676.80,4.000),
  (489,'yogbon02',2.000,160.00,320.00,2.000),
  (490,'bebbon01',5.000,89.00,445.00,5.000),
  (490,'crelal03',4.000,110.00,440.00,4.000),
  (490,'crelal04',4.000,314.00,1256.00,4.000),
  (490,'yogdan09',5.000,169.00,845.00,5.000),
  (490,'yogdan05',3.000,184.00,552.00,3.000),
  (491,'bebbon01',10.000,89.00,890.00,10.000),
  (491,'bebbon02',10.000,68.00,680.00,10.000),
  (491,'queama03',20.000,112.00,2240.00,20.000),
  (491,'quechi01',10.000,345.00,3450.00,10.000),
  (491,'quelca01',10.000,225.00,2250.00,10.000),
  (491,'yogdan05',20.000,184.00,3680.00,20.000),
  (492,'bebbon01',5.000,89.00,445.00,5.000),
  (492,'bebbon02',5.000,68.00,340.00,5.000),
  (493,'crelal01',5.000,110.00,550.00,5.000),
  (493,'crelal02',3.000,110.00,330.00,3.000),
  (493,'crelal03',10.000,110.00,1100.00,10.000),
  (493,'crelal04',3.000,314.00,942.00,3.000),
  (493,'posdan02',2.000,133.00,266.00,2.000),
  (493,'yogdan03',5.000,130.00,650.00,5.000),
  (493,'yogdan09',5.000,165.00,825.00,5.000),
  (494,'posdan03',2.000,133.00,266.00,2.000),
  (494,'yogdan03',20.000,130.00,2600.00,20.000),
  (494,'yogdan09',3.000,169.00,507.00,3.000),
  (494,'yogalp01',50.000,62.00,3100.00,50.000),
  (495,'posdan02',2.000,133.00,266.00,2.000),
  (495,'yogdan03',30.000,130.00,3900.00,30.000),
  (496,'geldan01',6.000,115.00,690.00,6.000),
  (496,'posdan02',2.000,133.00,266.00,2.000),
  (496,'posdan03',2.000,133.00,266.00,2.000),
  (496,'yogdan01',5.000,95.00,475.00,5.000),
  (496,'yogdan05',15.000,184.00,2760.00,15.000),
  (497,'yogalp01',100.000,60.50,6050.00,100.000),
  (497,'yogdan09',10.000,168.00,1680.00,10.000),
  (498,'posdan01',3.000,133.00,399.00,3.000),
  (498,'yogdan05',20.000,184.00,3680.00,20.000),
  (498,'yogdan06',2.000,169.00,338.00,2.000),
  (499,'cregin01',10.000,69.00,690.00,10.000),
  (499,'geldan01',3.000,115.00,345.00,3.000),
  (499,'maribe02',20.000,62.50,1250.00,20.000),
  (499,'yogdan03',5.000,130.00,650.00,5.000),
  (499,'yogdan05',5.000,184.00,920.00,5.000),
  (499,'yogdan09',6.000,169.00,1014.00,6.000),
  (500,'crealp01',40.000,117.00,4680.00,40.000),
  (500,'crealp02',50.000,278.00,13900.00,50.000),
  (500,'crealp03',25.000,278.00,6950.00,25.000),
  (501,'bebbon01',10.000,89.00,890.00,10.000),
  (501,'bebbon02',5.000,68.00,340.00,5.000),
  (501,'crealp01',110.000,117.00,12870.00,110.000),
  (501,'cregin01',20.000,69.00,1380.00,20.000),
  (501,'maribe01',100.000,73.00,7300.00,100.000),
  (501,'maribe04',5.000,176.00,880.00,5.000),
  (501,'yogdan01',5.000,95.00,475.00,5.000),
  (502,'yogalp01',30.000,62.50,1875.00,30.000),
  (503,'bebbon01',5.000,89.00,445.00,5.000),
  (503,'yogbon01',1.000,169.20,169.20,1.000),
  (504,'geldan01',3.000,115.00,345.00,3.000),
  (504,'manchi01',3.000,95.50,286.50,3.000),
  (504,'posdan02',1.000,133.00,133.00,1.000),
  (504,'yogdan01',1.000,95.00,95.00,1.000),
  (504,'yogdan03',20.000,130.00,2600.00,20.000),
  (504,'yogdan09',5.000,169.00,845.00,5.000),
  (505,'crelal03',1.000,110.00,110.00,1.000),
  (506,'yogdan09',10.000,169.00,1690.00,10.000),
  (506,'yogdan03',7.000,130.00,910.00,7.000),
  (507,'yogdan05',3.000,184.00,552.00,3.000),
  (507,'crealp03',1.000,278.00,278.00,1.000),
  (507,'crealp02',1.000,278.00,278.00,1.000),
  (507,'crealp01',1.000,123.00,123.00,1.000),
  (507,'yogdan03',2.000,143.00,286.00,2.000),
  (507,'toscha01',3.000,150.00,450.00,3.000),
  (507,'yogalp01',10.000,62.50,625.00,10.000),
  (507,'maribe04',2.000,204.00,408.00,2.000),
  (508,'yogdan05',6.000,184.00,1104.00,6.000),
  (508,'yogdan03',5.000,143.00,715.00,5.000),
  (508,'yogdan09',3.000,169.00,507.00,3.000),
  (508,'posdan03',2.000,133.00,266.00,2.000),
  (508,'posdan02',2.000,133.00,266.00,2.000),
  (509,'yogalp01',20.000,62.50,1250.00,20.000),
  (509,'posdan03',2.000,133.00,266.00,2.000),
  (509,'crealp02',4.000,278.00,1112.00,4.000),
  (509,'crealp03',1.000,278.00,278.00,1.000),
  (509,'crealp01',5.000,123.00,615.00,5.000),
  (509,'yogdan05',7.000,184.00,1288.00,7.000),
  (509,'posdan02',2.000,133.00,266.00,2.000),
  (509,'yogdan03',4.000,143.00,572.00,4.000),
  (509,'yogdan09',2.000,169.00,338.00,2.000),
  (509,'maribe04',2.000,204.00,408.00,2.000),
  (509,'bebbon01',1.000,89.00,89.00,1.000),
  (510,'maribe02',10.000,63.50,635.00,10.000),
  (510,'maribe03',3.000,147.50,442.50,3.000),
  (510,'cregin01',1.000,69.00,69.00,1.000),
  (510,'yogdan09',2.000,169.00,338.00,2.000),
  (510,'toscha01',8.000,150.00,1200.00,8.000),
  (510,'maribe01',10.000,77.50,775.00,10.000),
  (510,'quechi01',1.000,340.00,340.00,1.000),
  (510,'queama03',1.000,112.00,112.00,1.000),
  (510,'yogdan05',4.000,184.00,736.00,4.000);

COMMIT;

#
# Data for the `proveedores` table  (LIMIT 0,500)
#

# rfc:253:0
# nombre:253:0
# direccion:253:0
# colonia:253:0
# delegacion:253:0
# cp:253:0
# ciudad:253:0
# tel1:253:0
# tel2:253:0
# fax:253:0
# pagina:253:0
# email:253:0
# vendedor:253:0
# formaPago:3:32768
# cuentas:252:16
# credito:5:32768
# diasPago:3:32768
# descuento1:5:32768
# descuento2:5:32768
# descuento3:5:32768
# saldoDisponible:5:32768
# alta:10:128
# activo:3:32768

INSERT INTO `proveedores` (`rfc`, `nombre`, `direccion`, `colonia`, `delegacion`, `cp`, `ciudad`, `tel1`, `tel2`, `fax`, `pagina`, `email`, `vendedor`, `formaPago`, `cuentas`, `credito`, `diasPago`, `descuento1`, `descuento2`, `descuento3`, `saldoDisponible`, `alta`, `activo`) VALUES 
  ('MEG0202151X5','MEGA COMER S.A DE C.V','POCHTECAS 37','PASEOS DE CHURUBUSCO','IZTAPALAPA','09040','MEXICO D.F.','56405668','56405666','','','','FERNANDO LUKE',2,'',0.00,2,0.00,0.00,0.00,0.00,'2006-06-02',1),
  ('TNI920507GB8','TOSTIRICAS NIETO S.A DE C.V.','Priv. ceylan 45-A','Industrial Vallejo','Azcapotzalco','02300','Mexico D.F.','53687475','0445520731372','','','','Luis Maldonado Villegas',2,'',0.00,30,0.00,0.00,0.00,-340911.36,'2006-06-02',1),
  ('UNI9704247M2','UNIFOOS S.A DE C.V.','Poniente 122  -459','Industrial Vallejo','Azcapotzalco','02300','Mexico D.F.','53331200','0445518668248 ABRHAM','0445518668244 PICOS','','','ABRHAM    PICOS   ALBERTO  TOÑO',2,'',0.00,0,0.00,0.00,0.00,-809677.91,'2006-06-02',1),
  ('Mateo','Mateo','Santa Maria La Rivera','Santa Maria La Rivera','Santa Maria La River','000','Mexico D. F.','S/N','','','','','Mateo',1,'',0.00,5,0.00,0.00,0.00,0.00,'2006-06-27',1),
  ('Ricardo','Ricardo Nava Butanda','Cuautitlan','Cuautitlan','Cuautitlan Izcali','000','Mexico D.F.','0445521413035','','','','','Ricardo Nava Butanda',1,'',0.00,4,0.00,0.00,0.00,-37576.00,'2006-06-27',1),
  ('Galdino','Galdino','','','','000','Mexico D.F.','0445525641900','','','','','Galdino',1,'',100000.00,5,0.00,0.00,0.00,52720.00,'2006-06-30',1),
  ('Ambrosio','Ambrosio Alvarado Martinez','','','','000','Mexico D.F.','S/N','','','','','Bocho',1,'',100000.00,3,0.00,0.00,0.00,100000.00,'2006-06-30',1),
  ('Calderon','Ernesto Calderon','Calle Miguel Hidalgo','Urbana','Xalostoc','000','Mexico D.F.','57141445','0445516329317','','','','Calderon',1,'',300000.00,10,0.00,0.00,0.00,286900.00,'2006-06-30',1),
  ('Teresita','Cremeria Teresita De La Central De Abasto','Central de Abasto Boega G-41','Ceda','Iztapalapa','09040','Mexico D.F.','5694','','','','','Tomas',1,'',150000.00,8,0.00,0.00,0.00,150000.00,'2006-06-30',1),
  ('CTC900503Q24','Cremeria Teresita De Central De Abasto S.A de C.V.','Zona 1 Sector1 Nave1 Bodega G-39 -41','Central de Abasto','Iztapalapa','09040','Mexico D.F.','5694','','','','','Tomas y Sergio',2,'',150000.00,8,0.00,0.00,0.00,150000.00,'2006-06-30',1),
  ('Candido','Candelario Ramirez Pozos','Pasillo 3 Local 32','Central de Abasto','Iztapalapa','09040','Mexico D.F.','5694 8759','','','','','Candido',1,'',100000.00,30,0.00,0.00,0.00,100000.00,'2006-06-30',1),
  ('Joaquin','Alfredo Joaquin Guevara','Zumpango','Zumpango','Zumpango','000','Pachuca Hgo.','015919173541','','','','','Marcos',1,'',300000.00,8,0.00,0.00,0.00,300000.00,'2006-06-30',1),
  ('Palomas','Palomas','Pasillo 2 Local E-F','CEDA','Iztapalapa','09040','Mexico D.F.','5694 6529','','','','','Beto',1,'',100000.00,15,0.00,0.00,0.00,93700.00,'2006-06-30',1),
  ('Carioca','Javier Vidal Mata','Cuautla','Cuatla','Morelos','000','Morelos','017353578634','','','','','Jose Luis',1,'',30000.00,2,0.00,0.00,0.00,11000.00,'2006-06-30',1),
  ('Charra','Charra','Privada Ceylan 45','Industrial Vallejo','Industial Vallejo','000','Mexico D.F.','0445520731372','','','','','Luis',1,'',15000.00,5,0.00,0.00,0.00,15000.00,'2006-06-30',1),
  ('Mario','Mario Figueroa Mundo','Taxco','Taxco','Taxco','000','Taxco Guerrero','017626253992','','','','','Mario',1,'',150000.00,5,0.00,0.00,0.00,150000.00,'2006-06-30',1),
  ('Chispeadero','Chispeadero','Pasillo G-H Local-47','CEDA','Iztapalapa','09040','Mexico D.F.','5694','','','','','Chispeadero',1,'',1000.00,2,0.00,0.00,0.00,1000.00,'2006-06-30',1),
  ('Retonito','Rosalva Cano Pozos','Pasillo 3 Local 80','CEDA','Iztapalapa','09040','Mexico D.F.','5600 2607','','','','','Rosalva',1,'',50000.00,15,0.00,0.00,0.00,50000.00,'2006-06-30',1),
  ('Ramirez','Ramirez','Pasillo 2 Local I-J','CEDA','Iztapalapa','09040','Mexico D.F.','5640 9230','','','','','Arturo',1,'',3000.00,8,0.00,0.00,0.00,3000.00,'2006-06-30',1),
  ('Rene','Rene Espinoza','G 75','CEDA','Iztapalapa','09040','Mexico D,F','56409887','','','','','Rene',1,'',40000.00,8,0.00,0.00,0.00,40000.00,'2006-06-30',1),
  ('Texana','La Texana S.A de C.V.','H 52-54','CEDA','Iztapalapa','09040','Mexico D.F.','56002034','56940238','','','','Alfredo',1,'',30000.00,8,0.00,0.00,0.00,-45400.00,'2006-06-30',1),
  ('CLZ040329SD5','Comercializadora la Laguna De Zumpango S.A de C.V','Calle Braniff  s/n','B.de santiago 1ra seccion','','55600','Estado de Mexico','015919173541','','','','','Marco y Joaquin',2,'',500000.00,5,0.00,0.00,0.00,500000.00,'2006-07-04',1),
  ('CLD0507145H6','Comercializadora de Lacteos y Derivados S.A de C.V.','Lazaro Cardenas #185 Parque Industrial Lagunero','Canatatlan','Valle Guadina','35077','Durango','S/N','','','','','Rostro',2,'',200000.00,15,0.00,0.00,0.00,200000.00,'2006-07-04',1),
  ('Yordy','Yordy','Bodega H-32b','CEDA','Iztapalapa','09040','Mexico D.F.','s/n','','','','','Fausto y Yordy',1,'',200000.00,15,0.00,0.00,0.00,200000.00,'2006-07-13',1),
  ('DCL0402164N0','DeinneClub,S.A.DEC.V.','Guanajuato No.240 Int.1','Roma','Cuahutemoc','06700','Mexico,D.F.','57119706','91525620','','','','Fernando y Roberto',2,'',300000.00,5,0.00,0.00,0.00,300000.00,'2006-07-19',1),
  ('Esperanza','Esperanza','ceda','ceda','Iztapalapa','09040','Mexico D.F.','5694 0435','','','','','Pedro',1,'',200000.00,8,0.00,0.00,0.00,200000.00,'2006-09-09',1);

COMMIT;

#
# Data for the `regalos_extras` table  (LIMIT 0,500)
#

# ClaveOrden:3:32768
# ClaveProducto:253:0
# Cantidad:5:32768
# Llego:5:32768

INSERT INTO `regalos_extras` (`ClaveOrden`, `ClaveProducto`, `Cantidad`, `Llego`) VALUES 
  (4,'yogdan05',10.000,0.000),
  (12,'yogdan05',56.000,56.000),
  (15,'yogdan05',10.000,10.000);

COMMIT;

#
# Data for the `regalos_venta` table  (LIMIT 0,500)
#

# claveVenta:3:32768
# ClaveProducto:253:0
# Cantidad:5:32768
# Llego:5:32768

INSERT INTO `regalos_venta` (`claveVenta`, `ClaveProducto`, `Cantidad`, `Llego`) VALUES 
  (12,'yogdan05',1.000,1.000),
  (31,'yogdan05',3.000,3.000),
  (35,'yogdan05',1.000,1.000),
  (41,'yogdan05',2.000,2.000),
  (43,'yogdan05',2.000,2.000),
  (48,'yogdan05',2.000,2.000),
  (69,'yogdan05',2.000,2.000),
  (97,'yogdan05',10.000,10.000),
  (119,'yogdan05',2.000,2.000),
  (125,'yogdan05',1.000,1.000),
  (129,'yogdan05',3.000,3.000),
  (143,'yogdan05',1.000,1.000),
  (145,'yogdan05',1.000,1.000),
  (153,'yogdan05',1.000,1.000),
  (164,'yogdan05',1.000,1.000),
  (167,'yogdan05',3.000,3.000),
  (170,'yogdan05',10.000,10.000),
  (174,'yogdan05',1.000,1.000),
  (181,'yogdan05',1.000,1.000),
  (193,'yogdan05',1.000,1.000),
  (195,'yogdan05',3.000,3.000),
  (198,'yogdan05',10.000,10.000),
  (207,'yogdan05',2.000,2.000),
  (258,'yogdan05',2.000,2.000),
  (278,'yogdan05',4.000,4.000),
  (310,'yogdan05',2.000,2.000);

COMMIT;

#
# Data for the `usuarios` table  (LIMIT 0,500)
#

# ClaveU:253:16391
# Contrasena:253:1
# Tipo:253:0
# Nombre:253:0
# APaterno:253:0
# AMaterno:253:0
# Puesto:253:0
# Area:253:0
# Estatus:254:0

INSERT INTO `usuarios` (`ClaveU`, `Contrasena`, `Tipo`, `Nombre`, `APaterno`, `AMaterno`, `Puesto`, `Area`, `Estatus`) VALUES 
  ('bety','2431','Admin','Beatriz','Vazquez','Perez','Gerente','Admin','1'),
  ('CHAVA','CHAVA','Simple','Salvador','Gonzalez','Plascencia','Agente','Ventas','1'),
  ('marcial','marcial','Simple','marcial','marcial','marcial','Repartidor','Ventas','0'),
  ('piero','1127','Admin','Piero','Gonzalez','Serrano','Gerente','Admin','1'),
  ('piero 2','dos','Simple','piero2','gonzalez','serrano','Agente','Ventas','1'),
  ('piero a','raul','Simple','piero','piero','piero','Caja','Cobros','0'),
  ('Piero1','piero1','Simple','Piero','Gonzalez','Serrano','Agente','Ventas','1'),
  ('salvador','chavol','Admin','Salvador','Gonzalez','Plascencia','Gerente','Admin','1');

COMMIT;

#
# Data for the `ventas` table  (LIMIT 0,500)
#

# claveVenta:3:49667
# claveCliente:253:0
# fechaAlta:10:128
# fechaEntrega:10:128
# observaciones:253:0
# subtotal:5:32768
# iva:5:32768
# total:5:32768
# activo:3:32768
# tipo:3:32768
# factura:253:0
# remision:3:32768
# Entrega:3:32768
# usuario:253:0
# pago:3:32768
# repartidor:253:0

INSERT INTO `ventas` (`claveVenta`, `claveCliente`, `fechaAlta`, `fechaEntrega`, `observaciones`, `subtotal`, `iva`, `total`, `activo`, `tipo`, `factura`, `remision`, `Entrega`, `usuario`, `pago`, `repartidor`) VALUES 
  (1,'Barca','2006-08-29','2006-08-29',' Repartidor: null',440.00,0.00,440.00,1,2,'',1,2,'bety',2,'null'),
  (2,'Barca','2006-08-29','2006-08-29',' Repartidor: null',168.00,0.00,168.00,0,2,'',2,2,'bety',0,'null'),
  (3,'Retoño','2006-08-29','2006-08-29',' Repartidor: null',338.40,0.00,338.40,1,2,'',3,2,'bety',2,'null'),
  (4,'Che','2006-08-29','2006-08-29',' Repartidor: null',345.00,0.00,345.00,1,2,'',4,2,'bety',2,'null'),
  (5,'Yovany','2006-08-29','2006-08-29',' Repartidor: null',358.00,0.00,358.00,1,2,'',5,2,'bety',2,'null'),
  (6,'Retoño','2006-08-29','2006-08-29',' Repartidor: null',13442.00,0.00,13442.00,1,2,'',6,2,'bety',2,'null'),
  (7,'Josè Manuel','2006-08-29','2006-08-29',' Repartidor: null',6435.00,0.00,6435.00,1,2,'',7,2,'bety',0,'null'),
  (8,'Union','2006-08-29','2006-08-29',' Repartidor: null',2960.00,0.00,2960.00,1,2,'',8,2,'bety',0,'null'),
  (9,'Ranchito','2006-08-29','2006-08-29',' Repartidor: null',1680.00,0.00,1680.00,1,2,'',9,2,'bety',2,'null'),
  (10,'Normita','2006-08-29','2006-08-29',' Repartidor: null',3225.00,0.00,3225.00,1,2,'',10,2,'bety',2,'null'),
  (11,'Yoely','2006-08-29','2006-08-29',' Repartidor: null',9140.00,0.00,9140.00,1,2,'',11,2,'bety',2,'null'),
  (12,'Barca','2006-08-29','2006-08-29',' Repartidor: null',4376.00,0.00,4376.00,1,2,'',12,2,'bety',2,'null'),
  (13,'Erik','2006-08-29','2006-08-29',' Repartidor: null',363.00,0.00,363.00,1,2,'',13,2,'bety',2,'null'),
  (14,'Lupita','2006-08-29','2006-08-29',' Repartidor: null',19613.00,0.00,19613.00,1,2,'',14,2,'bety',2,'null'),
  (15,'Retoñito','2006-08-29','2006-08-29',' Repartidor: null',2600.00,0.00,2600.00,1,2,'',15,2,'bety',0,'null'),
  (16,'Surtidor','2006-08-29','2006-08-29',' Repartidor: null',2436.40,0.00,2436.40,1,2,'',16,2,'bety',2,'null'),
  (17,'Esperanza','2006-08-29','2006-08-29',' Repartidor: null',16454.50,0.00,16454.50,1,2,'',17,2,'bety',2,'null'),
  (18,'Esperanza','2006-08-29','2006-08-29',' Repartidor: null',1500.00,0.00,1500.00,1,2,'',18,2,'bety',2,'null'),
  (19,'Ramirez','2006-08-29','2006-08-29',' Repartidor: null',445.00,0.00,445.00,1,2,'',19,2,'bety',2,'null'),
  (20,'Ruiseñor','2006-08-29','2006-08-29',' Repartidor: null',2901.00,0.00,2901.00,1,2,'',20,2,'bety',2,'null'),
  (21,'Barca','2006-08-29','2006-08-29',' Repartidor: null',168.00,0.00,168.00,1,2,'',21,2,'bety',2,'null'),
  (22,'CSS850907851','2006-08-29','2006-08-29',' Repartidor: null',1300.00,0.00,1300.00,1,1,'16477',0,2,'bety',2,'null'),
  (23,'GALP601011M59','2006-08-29','2006-08-29',' Repartidor: null',4991.00,0.00,4991.00,1,1,'16478',0,2,'bety',2,'null'),
  (24,'CSC880523NA1','2006-08-29','2006-08-29',' Repartidor: null',4900.00,0.00,4900.00,1,1,'16472',0,2,'bety',2,'null'),
  (25,'TEX931122JL3','2006-08-29','2006-08-29',' Repartidor: null',4330.00,0.00,4330.00,1,1,'16471',0,2,'bety',2,'null'),
  (26,'HESJ501028FJ3','2006-08-29','2006-08-29',' Repartidor: null',4809.10,0.00,4809.10,0,1,'16479',0,2,'bety',0,'null'),
  (27,'DCN040210NJO','2006-08-29','2006-08-29',' Repartidor: null',4675.00,0.00,4675.00,1,1,'16480',0,2,'bety',2,'null'),
  (28,'CLA830615UC2','2006-08-29','2006-08-29',' Repartidor: null',3107.00,0.00,3107.00,1,1,'16481',0,2,'bety',2,'null'),
  (29,'CLA830615UC2','2006-08-29','2006-08-29',' Repartidor: null',3914.00,0.00,3914.00,1,1,'16482',0,2,'bety',2,'null'),
  (30,'CSL0309122V5','2006-08-29','2006-08-29',' Repartidor: null',3950.40,0.00,3950.40,1,1,'16483',0,2,'bety',2,'null'),
  (31,'GAAY8110197E3','2006-08-29','2006-08-29',' Repartidor: null',31192.00,0.00,31192.00,1,1,'16475',0,2,'bety',2,'null'),
  (32,'MAVP601008RTA','2006-08-29','2006-08-29',' Repartidor: null',2600.00,0.00,2600.00,1,1,'16484',0,2,'bety',2,'null'),
  (33,'Nochistlan','2006-08-29','2006-08-29',' Repartidor: null',157.00,0.00,157.00,1,2,'',22,2,'bety',2,'null'),
  (34,'Yoely','2006-08-29','2006-08-29',' Repartidor: null',162.00,0.00,162.00,1,2,'',23,2,'bety',2,'null'),
  (35,'AEVJ741206QJ3','2006-08-29','2006-08-29',' Repartidor: null',3152.00,0.00,3152.00,1,1,'16476',0,2,'bety',2,'null'),
  (36,'Nochistlan','2006-08-29','2006-08-29',' Repartidor: null',62.00,0.00,62.00,1,2,'',24,2,'bety',2,'null'),
  (37,'DCP040210F26','2006-08-29','2006-08-29','',1287.00,0.00,1287.00,0,1,'16485',0,0,'bety',0,''),
  (38,'DCP040210F26','2006-08-29','2006-08-29',' Repartidor: null',1027.00,0.00,1027.00,1,1,'16485',0,2,'bety',2,'null'),
  (39,'MAVP601008RTA','2006-08-29','2006-08-29','',2600.00,0.00,2600.00,0,1,'16484',0,0,'bety',0,''),
  (40,'HESJ440722S33','2006-08-29','2006-08-29',' Repartidor: null',4809.10,0.00,4809.10,1,1,'16479',0,2,'piero',0,'null'),
  (41,'melo','2006-08-30','2006-08-30',' Repartidor: null',8885.00,0.00,8885.00,0,2,'',25,2,'bety',1,'null'),
  (42,'TEX931122JL3','2006-08-30','2006-08-30',' Repartidor: null',13900.00,0.00,13900.00,1,2,'',26,2,'bety',2,'null'),
  (43,'Juan Munoz','2006-08-30','2006-08-30',' Repartidor: null',13959.00,0.00,13959.00,1,2,'',27,2,'bety',2,'null'),
  (44,'Rigo','2006-08-30','2006-08-30',' Repartidor: null',10286.00,0.00,10286.00,0,2,'',28,2,'bety',0,'null'),
  (45,'Juan Zepeda','2006-08-30','2006-08-30',' Repartidor: null',62.50,0.00,62.50,1,2,'',29,2,'bety',2,'null'),
  (46,'CSS850907851','2006-08-30','2006-08-30',' Repartidor: null',11120.00,0.00,11120.00,1,2,'',30,2,'bety',2,'null'),
  (47,'Retoñito','2006-08-30','2006-08-30',' Repartidor: null',11120.00,0.00,11120.00,1,2,'',31,2,'bety',2,'null'),
  (48,'melo','2006-08-30','2006-08-30',' Repartidor: null',8580.00,0.00,8580.00,1,2,'',32,2,'bety',2,'null'),
  (49,'Che','2006-08-30','2006-08-30',' Repartidor: null',136.00,0.00,136.00,1,2,'',33,2,'bety',2,'null'),
  (50,'Alfredo','2006-08-30','2006-08-30',' Repartidor: null',37249.00,0.00,37249.00,0,2,'',34,2,'bety',0,'null'),
  (51,'CLA830615UC2','2006-08-30','2006-08-30',' Repartidor: null',24192.00,0.00,24192.00,1,1,'16489',0,2,'bety',2,'null'),
  (52,'HESJ501028FJ3','2006-08-30','2006-08-30',' Repartidor: null',2237.50,0.00,2237.50,1,1,'16488',0,2,'bety',2,'null'),
  (53,'CSC880523NA1','2006-08-30','2006-08-30',' Repartidor: null',14750.00,0.00,14750.00,1,1,'16490',0,2,'bety',2,'null'),
  (54,'AAGF740817Q38','2006-08-30','2006-08-30',' Repartidor: null',5974.00,0.00,5974.00,1,1,'16491',0,2,'bety',2,'null'),
  (55,'CSS850907851','2006-08-30','2006-08-30',' Repartidor: null',4930.00,0.00,4930.00,1,1,'16492',0,2,'bety',2,'null'),
  (56,'MAVP601008RTA','2006-08-30','2006-08-30',' Repartidor: null',12576.00,0.00,12576.00,1,1,'16493',0,2,'bety',2,'null'),
  (57,'PAPE720521P11','2006-08-30','2006-08-30',' Repartidor: null',6980.00,0.00,6980.00,1,1,'16494',0,2,'bety',2,'null'),
  (58,'Alfredo','2006-08-30','2006-08-30',' Repartidor: null',14620.00,0.00,14620.00,1,2,'',35,2,'bety',2,'null'),
  (59,'DCP040210F26','2006-08-30','2006-08-30',' Repartidor: null',2235.00,0.00,2235.00,1,1,'16495',0,2,'bety',2,'null'),
  (60,'GALP601011M59','2006-08-30','2006-08-30',' Repartidor: null',169.20,0.00,169.20,1,1,'16496',0,2,'bety',2,'null'),
  (61,'DCP040210J5A','2006-08-30','2006-08-30',' Repartidor: null',8285.00,0.00,8285.00,0,1,'16498',0,2,'bety',0,'null'),
  (62,'DEMA640807PB5','2006-08-30','2006-08-30',' Repartidor: null',22629.00,0.00,22629.00,1,1,'16499',0,2,'bety',2,'null'),
  (63,'HESJ440722S33','2006-08-30','2006-08-30',' Repartidor: null',6009.20,0.00,6009.20,1,1,'16500',0,2,'bety',0,'null'),
  (64,'CSH870328B82','2006-08-30','2006-08-30',' Repartidor: null',2000.00,0.00,2000.00,1,1,'16501',0,2,'bety',2,'null'),
  (65,'Bonanza','2006-08-30','2006-08-30',' Repartidor: null',11000.00,0.00,11000.00,1,2,'',36,2,'bety',2,'null'),
  (66,'CLA830615UC2','2006-08-30','2006-08-30',' Repartidor: null',1222.00,0.00,1222.00,1,1,'16502',0,2,'bety',2,'null'),
  (67,'Ranchito','2006-08-30','2006-08-30',' Repartidor: null',19940.00,0.00,19940.00,1,2,'',37,2,'bety',2,'null'),
  (68,'CSL0309122V5','2006-08-30','2006-08-30',' Repartidor: null',6768.00,0.00,6768.00,1,1,'16503',0,2,'bety',2,'null'),
  (69,'Normita','2006-08-30','2006-08-30',' Repartidor: null',10728.00,0.00,10728.00,1,2,'',38,2,'bety',2,'null'),
  (70,'Yoely','2006-08-30','2006-08-30',' Repartidor: null',1562.50,0.00,1562.50,1,2,'',39,2,'bety',2,'null'),
  (71,'Union','2006-08-30','2006-08-30',' Repartidor: null',2220.00,0.00,2220.00,1,2,'',40,2,'bety',0,'null'),
  (72,'Retoñito','2006-08-30','2006-08-30',' Repartidor: null',1725.00,0.00,1725.00,1,2,'',41,2,'piero',0,'null'),
  (73,'Tapatio','2006-08-30','2006-08-30',' Repartidor: null',2780.00,0.00,2780.00,1,2,'',42,2,'piero',2,'null'),
  (74,'Erik','2006-08-30','2006-08-30',' Repartidor: null',660.00,0.00,660.00,1,2,'',43,2,'piero',2,'null'),
  (75,'Josè Manuel','2006-08-30','2006-08-30',' Repartidor: null',17600.00,0.00,17600.00,1,2,'',44,2,'piero',0,'null'),
  (76,'Esperanza','2006-08-30','2006-08-30',' Repartidor: null',3577.60,0.00,3577.60,1,2,'',45,2,'piero',2,'null'),
  (77,'Esperanza','2006-08-30','2006-08-30',' Repartidor: null',1500.00,0.00,1500.00,1,2,'',46,2,'piero',2,'null'),
  (78,'Nochistlan','2006-08-30','2006-08-30',' Repartidor: null',74.00,0.00,74.00,1,2,'',47,2,'piero',2,'null'),
  (79,'Especial','2006-08-30','2006-08-30',' Repartidor: null',2224.00,0.00,2224.00,1,2,'',48,2,'piero',0,'null'),
  (80,'Retoño','2006-08-30','2006-08-30',' Repartidor: null',15656.00,0.00,15656.00,1,2,'',49,2,'piero',2,'null'),
  (81,'Laura','2006-08-30','2006-08-30',' Repartidor: null',1447.00,0.00,1447.00,1,2,'',50,2,'piero',0,'null'),
  (82,'Surtidor','2006-08-30','2006-08-30',' Repartidor: null',785.00,0.00,785.00,1,2,'',51,2,'piero',2,'null'),
  (83,'Teresita','2006-08-30','2006-08-30',' Repartidor: null',81081.00,0.00,81081.00,1,2,'',52,2,'piero',2,'null'),
  (84,'Ramirez','2006-08-30','2006-08-30',' Repartidor: null',17730.00,0.00,17730.00,1,2,'',53,2,'piero',2,'null'),
  (85,'Chucho','2006-08-30','2006-08-30',' Repartidor: null',3700.00,0.00,3700.00,1,2,'',54,2,'piero',2,'null'),
  (86,'GALP601011M59','2006-08-30','2006-08-30',' Repartidor: null',1347.20,0.00,1347.20,1,1,'16504',0,2,'piero',2,'null'),
  (87,'TEX931122JL3','2006-08-30','2006-08-30',' Repartidor: null',2738.00,0.00,2738.00,1,1,'16487',0,2,'piero',2,'null'),
  (88,'CSL0309122V5','2006-08-30','2006-08-30',' Repartidor: null',1500.00,0.00,1500.00,1,1,'16505',0,2,'piero',2,'null'),
  (89,'AEVJ741206QJ3','2006-08-30','2006-08-30',' Repartidor: null',5639.00,0.00,5639.00,1,1,'16506',0,2,'piero',2,'null'),
  (90,'DCP040210J5A','2006-08-30','2006-08-30',' Repartidor: null',8285.00,0.00,8285.00,1,1,'16498',0,2,'piero',2,'null'),
  (91,'celestino','2006-08-31','2006-08-31',' Repartidor: null',2184.00,0.00,2184.00,1,2,'',55,2,'bety',2,'null'),
  (92,'Juan Munoz','2006-08-31','2006-08-31',' Repartidor: null',2409.00,0.00,2409.00,1,2,'',56,2,'bety',2,'null'),
  (93,'Especial','2006-08-31','2006-08-31',' Repartidor: null',43556.00,0.00,43556.00,1,2,'',57,2,'bety',2,'null'),
  (94,'Ramirez','2006-08-31','2006-08-31',' Repartidor: null',1300.00,0.00,1300.00,1,2,'',58,2,'bety',2,'null'),
  (95,'Texana','2006-08-31','2006-08-31',' Repartidor: null',8788.00,0.00,8788.00,1,2,'',59,2,'bety',2,'null'),
  (96,'Yoely','2006-08-31','2006-08-31',' Repartidor: null',1490.00,0.00,1490.00,1,2,'',60,2,'bety',2,'null'),
  (97,'Especial','2006-08-31','2006-08-31',' Repartidor: null',28111.00,0.00,28111.00,1,2,'',61,2,'bety',0,'null'),
  (98,'Union','2006-08-31','2006-08-31',' Repartidor: null',2046.00,0.00,2046.00,1,2,'',62,2,'bety',0,'null'),
  (99,'Retoñito','2006-08-31','2006-08-31',' Repartidor: null',1661.20,0.00,1661.20,1,2,'',63,2,'bety',0,'null'),
  (100,'Chucho','2006-08-31','2006-08-31',' Repartidor: null',8855.00,0.00,8855.00,1,2,'',64,2,'bety',2,'null'),
  (101,'Tapatio','2006-08-31','2006-08-31',' Repartidor: null',1620.00,0.00,1620.00,1,2,'',65,2,'bety',2,'null'),
  (102,'Normita','2006-08-31','2006-08-31',' Repartidor: null',9162.00,0.00,9162.00,1,2,'',66,2,'bety',2,'null'),
  (103,'Erik','2006-08-31','2006-08-31',' Repartidor: null',928.00,0.00,928.00,1,2,'',67,2,'bety',2,'null'),
  (104,'Rosa de oro','2006-08-31','2006-08-31',' Repartidor: null',2547.00,0.00,2547.00,1,2,'',68,2,'bety',2,'null'),
  (105,'Ranchito','2006-08-31','2006-08-31',' Repartidor: null',1885.00,0.00,1885.00,1,2,'',69,2,'BETY',2,'null'),
  (106,'Retoño','2006-08-31','2006-08-31',' Repartidor: null',1460.00,0.00,1460.00,1,2,'',70,2,'bety',2,'null'),
  (107,'Surtidor','2006-08-31','2006-08-31',' Repartidor: null',723.00,0.00,723.00,1,2,'',71,2,'bety',0,'null'),
  (108,'Esperanza','2006-08-31','2006-08-31',' Repartidor: null',17459.00,0.00,17459.00,1,2,'',72,2,'bety',2,'null'),
  (109,'Esperanza','2006-08-31','2006-08-31',' Repartidor: null',1500.00,0.00,1500.00,1,2,'',73,2,'bety',2,'null'),
  (110,'Ruiseñor','2006-08-31','2006-08-31',' Repartidor: null',3391.20,0.00,3391.20,1,2,'',74,2,'bety',2,'null'),
  (111,'Rancherita','2006-08-31','2006-08-31',' Repartidor: null',2475.00,0.00,2475.00,1,2,'',75,2,'bety',0,'null'),
  (112,'PLV0501201N3','2006-08-31','2006-08-31',' Repartidor: null',10000.00,0.00,10000.00,1,1,'16508',0,2,'bety',2,'null'),
  (113,'CSL0309122V5','2006-08-31','2006-08-31',' Repartidor: null',6366.00,0.00,6366.00,1,1,'16509',0,2,'bety',2,'null'),
  (114,'CTC900503Q24','2006-08-31','2006-08-31',' Repartidor: null',3900.00,0.00,3900.00,1,1,'16510',0,2,'bety',2,'null'),
  (115,'AAGF740817Q38','2006-08-31','2006-08-31',' Repartidor: null',6170.00,0.00,6170.00,1,1,'16511',0,2,'bety',2,'null'),
  (116,'LSF050118U75','2006-08-31','2006-08-31',' Repartidor: null',80400.00,0.00,80400.00,1,1,'16513',0,2,'bety',2,'null'),
  (117,'GALP601011M59','2006-08-31','2006-08-31',' Repartidor: null',507.00,0.00,507.00,0,1,'16514',0,2,'bety',0,'null'),
  (118,'DCP040210F26','2006-08-31','2006-08-31',' Repartidor: null',1225.00,0.00,1225.00,1,1,'16515',0,2,'bety',2,'null'),
  (119,'DCN040210NJO','2006-08-31','2006-08-31',' Repartidor: null',10000.00,0.00,10000.00,1,1,'16517',0,2,'bety',2,'null'),
  (120,'HESJ501028FJ3','2006-08-31','2006-08-31',' Repartidor: null',1570.00,0.00,1570.00,1,1,'16518',0,2,'bety',2,'null'),
  (121,'CLA830615UC2','2006-08-31','2006-08-31',' Repartidor: null',906.00,0.00,906.00,1,1,'16519',0,2,'bety',2,'null'),
  (122,'DCH040220NMA','2006-08-31','2006-08-31',' Repartidor: null',4844.20,0.00,4844.20,1,1,'16520',0,2,'bety',2,'null'),
  (123,'AEVJ741206QJ3','2006-08-31','2006-08-31',' Repartidor: null',54685.20,0.00,54685.20,1,1,'16507',0,2,'bety',2,'null'),
  (124,'HESJ440722S33','2006-08-31','2006-08-31',' Repartidor: null',9085.00,0.00,9085.00,1,1,'16522',0,2,'bety',0,'null'),
  (125,'Barca','2006-08-31','2006-08-31',' Repartidor: null',4931.00,0.00,4931.00,1,2,'',76,2,'bety',2,'null'),
  (126,'CSC880523NA1','2006-08-31','2006-08-31',' Repartidor: null',1950.00,0.00,1950.00,1,1,'16521',0,2,'bety',2,'null'),
  (127,'DCP040210J5A','2006-08-31','2006-08-31',' Repartidor: null',1567.00,0.00,1567.00,1,1,'16523',0,2,'bety',2,'null'),
  (128,'GALP601011M59','2006-08-31','2006-08-31',' Repartidor: null',507.00,0.00,507.00,1,1,'16514',0,2,'piero',2,'null'),
  (129,'Texana','2006-09-01','2006-09-01',' Repartidor: null',15675.00,0.00,15675.00,1,2,'',77,2,'piero',2,'null'),
  (130,'Yovany','2006-09-01','2006-09-01',' Repartidor: null',981.00,0.00,981.00,1,2,'',78,2,'bety',2,'null'),
  (131,'Gustavo','2006-09-01','2006-09-01',' Repartidor: null',4320.00,0.00,4320.00,0,2,'',79,2,'bety',0,'null'),
  (132,'Yoely','2006-09-01','2006-09-01',' Repartidor: null',1875.00,0.00,1875.00,1,2,'',80,2,'bety',2,'null'),
  (133,'Retoñito','2006-09-01','2006-09-01',' Repartidor: null Repartidor: null',18565.00,0.00,18565.00,1,2,'',81,1,'bety',0,'null'),
  (134,'Especial','2006-09-01','2006-09-01',' Repartidor: null',6655.00,0.00,6655.00,1,2,'',82,2,'bety',0,'null'),
  (135,'Esperanza','2006-09-01','2006-09-01',' Repartidor: null',1500.00,0.00,1500.00,1,2,'',83,2,'bety',2,'null'),
  (136,'Esperanza','2006-09-01','2006-09-01',' Repartidor: null',13059.20,0.00,13059.20,1,2,'',84,2,'bety',1,'null'),
  (137,'Especial','2006-09-01','2006-09-01',' Repartidor: null',6875.00,0.00,6875.00,0,2,'',85,2,'bety',0,'null'),
  (138,'Ranchito','2006-09-01','2006-09-01',' Repartidor: null',7981.00,0.00,7981.00,1,2,'',86,2,'bety',2,'null'),
  (139,'Ramirez','2006-09-01','2006-09-01',' Repartidor: null',5065.00,0.00,5065.00,1,2,'',87,2,'bety',2,'null'),
  (140,'Super Palmas','2006-09-01','2006-09-01',' Repartidor: null',4225.00,0.00,4225.00,1,2,'',88,2,'bety',2,'null'),
  (141,'Bonanza','2006-09-01','2006-09-01',' Repartidor: null',717.00,0.00,717.00,1,2,'',89,2,'bety',2,'null'),
  (142,'Erik','2006-09-01','2006-09-01',' Repartidor: null',450.00,0.00,450.00,1,2,'',90,2,'bety',2,'null'),
  (143,'Lupita','2006-09-01','2006-09-01',' Repartidor: null',14818.00,0.00,14818.00,1,2,'',91,2,'bety',2,'null'),
  (144,'Union','2006-09-01','2006-09-01',' Repartidor: null',3700.00,0.00,3700.00,1,2,'',92,2,'bety',0,'null'),
  (145,'Chucho','2006-09-01','2006-09-01',' Repartidor: null',5675.00,0.00,5675.00,1,2,'',93,2,'bety',2,'null'),
  (146,'Normita','2006-09-01','2006-09-01',' Repartidor: null',5871.00,0.00,5871.00,1,2,'',94,2,'bety',2,'null'),
  (147,'Teresita','2006-09-01','2006-09-01',' Repartidor: null',7445.00,0.00,7445.00,1,2,'',95,2,'bety',2,'null'),
  (148,'AARZ770413CVA','2006-09-01','2006-09-01',' Repartidor: null',3120.00,0.00,3120.00,1,2,'',96,2,'bety',2,'null'),
  (149,'Barca','2006-09-01','2006-09-01',' Repartidor: null',1469.00,0.00,1469.00,1,2,'',97,2,'bety',2,'null'),
  (150,'Retoño','2006-09-01','2006-09-01',' Repartidor: null',1680.00,0.00,1680.00,1,2,'',98,2,'bety',2,'null'),
  (151,'Josè Manuel','2006-09-01','2006-09-01',' Repartidor: null',3107.50,0.00,3107.50,1,2,'',99,2,'bety',0,'null'),
  (152,'Surtidor','2006-09-01','2006-09-01',' Repartidor: null',4756.00,0.00,4756.00,1,2,'',100,2,'bety',0,'null'),
  (153,'Ruiseñor','2006-09-01','2006-09-01',' Repartidor: null',3140.00,0.00,3140.00,1,2,'',101,2,'bety',2,'null'),
  (154,'DMA0106263S9','2006-09-01','2006-09-01',' Repartidor: null',16300.00,0.00,16300.00,1,1,'16524',0,2,'bety',0,'null'),
  (155,'CLA830615UC2','2006-09-01','2006-09-01',' Repartidor: null',4451.00,0.00,4451.00,1,1,'16525',0,2,'bety',2,'null'),
  (156,'GALP601011M59','2006-09-01','2006-09-01',' Repartidor: null',11245.00,0.00,11245.00,0,1,'16536',0,2,'bety',0,'null'),
  (157,'AAGF740817Q38','2006-09-01','2006-09-01',' Repartidor: null',2041.00,0.00,2041.00,1,1,'16528',0,2,'bety',0,'null'),
  (158,'LSF050118U75','2006-09-01','2006-09-01',' Repartidor: null',2795.00,0.00,2795.00,1,1,'16529',0,2,'bety',2,'null'),
  (159,'HESJ440722S33','2006-09-01','2006-09-01',' Repartidor: null',6346.80,0.00,6346.80,1,1,'16530',0,2,'bety',0,'null'),
  (160,'HESJ501028FJ3','2006-09-01','2006-09-01','',5255.00,0.00,5255.00,0,1,'16531',0,0,'bety',0,''),
  (161,'HESJ501028FJ3','2006-09-01','2006-09-01',' Repartidor: null',5295.00,0.00,5295.00,1,1,'16531',0,2,'bety',2,'null'),
  (162,'CLA830615UC2','2006-09-01','2006-09-01',' Repartidor: null',4290.00,0.00,4290.00,1,1,'16532',0,2,'bety',2,'null'),
  (163,'CSL0309122V5','2006-09-01','2006-09-01',' Repartidor: null',5859.00,0.00,5859.00,0,1,'16533',0,2,'bety',0,'null'),
  (164,'MAVP601008RTA','2006-09-01','2006-09-01',' Repartidor: null',5395.00,0.00,5395.00,1,1,'16534',0,2,'bety',2,'null'),
  (165,'Esperanza','2006-09-01','2006-09-01',' Repartidor: null',6875.00,0.00,6875.00,1,2,'',102,2,'bety',2,'null'),
  (166,'GALP601011M59','2006-09-01','2006-09-01',' Repartidor: null',11470.00,0.00,11470.00,1,1,'16538',0,2,'piero',0,'null'),
  (167,'CSC880523NA1','2006-09-01','2006-09-01',' Repartidor: null',10720.00,0.00,10720.00,1,1,'16527',0,2,'piero',2,'null'),
  (168,'CSC880523NA1','2006-09-01','2006-09-01',' Repartidor: null',1352.00,0.00,1352.00,1,1,'16532',0,2,'piero',2,'null'),
  (169,'CSL0309122V5','2006-09-01','2006-09-01',' Repartidor: null',5995.00,0.00,5995.00,1,1,'16542',0,2,'piero',2,'null'),
  (170,'Trinidad','2006-09-02','2006-09-02',' Repartidor: null',36573.00,0.00,36573.00,1,2,'',103,2,'piero',2,'null'),
  (171,'Trinidad','2006-09-02','2006-09-02',' Repartidor: null',7400.00,0.00,7400.00,1,2,'',104,2,'piero',2,'null'),
  (172,'Nochistlan','2006-09-02','2006-09-02',' Repartidor: null',157.00,0.00,157.00,1,2,'',105,2,'piero',2,'null'),
  (173,'Juan Munoz','2006-09-02','2006-09-02',' Repartidor: null',23014.50,0.00,23014.50,1,2,'',106,2,'piero',2,'null'),
  (174,'Retoñito','2006-09-02','2006-09-02',' Repartidor: null',11765.00,0.00,11765.00,0,2,'',107,2,'piero',0,'null'),
  (175,'Gustavo','2006-09-02','2006-09-02',' Repartidor: null',4320.00,0.00,4320.00,1,2,'',108,2,'piero',2,'null'),
  (176,'Normita','2006-09-02','2006-09-02',' Repartidor: null',10317.00,0.00,10317.00,1,2,'',109,2,'piero',2,'null'),
  (177,'Ramirez','2006-09-02','2006-09-02',' Repartidor: null',4170.00,0.00,4170.00,1,2,'',110,2,'piero',0,'null'),
  (178,'Rancherita','2006-09-02','2006-09-02',' Repartidor: null',4045.00,0.00,4045.00,1,2,'',111,2,'piero',0,'null'),
  (179,'Ranchito','2006-09-02','2006-09-02',' Repartidor: null',3297.00,0.00,3297.00,1,2,'',112,2,'piero',2,'null'),
  (180,'Retoño','2006-09-02','2006-09-02',' Repartidor: null',17280.00,0.00,17280.00,1,2,'',113,2,'piero',0,'null'),
  (181,'Josè Manuel','2006-09-02','2006-09-02',' Repartidor: null',3140.00,0.00,3140.00,1,2,'',114,2,'piero',0,'null'),
  (182,'Surtidor','2006-09-02','2006-09-02',' Repartidor: null',845.00,0.00,845.00,1,2,'',115,2,'piero',0,'null'),
  (183,'Esperanza','2006-09-02','2006-09-02',' Repartidor: null',1500.00,0.00,1500.00,1,2,'',116,2,'piero',2,'null'),
  (184,'Esperanza','2006-09-02','2006-09-02',' Repartidor: null',3333.00,0.00,3333.00,1,2,'',117,2,'piero',0,'null'),
  (185,'Yoely','2006-09-02','2006-09-02',' Repartidor: null',1607.00,0.00,1607.00,1,2,'',118,2,'piero',2,'null'),
  (186,'Bonanza','2006-09-02','2006-09-02',' Repartidor: null',4119.00,0.00,4119.00,0,2,'',119,2,'piero',0,'null'),
  (187,'Erik','2006-09-02','2006-09-02',' Repartidor: null',831.50,0.00,831.50,1,2,'',120,2,'piero',2,'null'),
  (188,'Lupita','2006-09-02','2006-09-02',' Repartidor: null',1490.00,0.00,1490.00,1,2,'',121,2,'piero',2,'null'),
  (189,'Rosa de oro','2006-09-02','2006-09-02',' Repartidor: null',11926.20,0.00,11926.20,0,2,'',122,2,'piero',0,'null'),
  (190,'Laura','2006-09-02','2006-09-02',' Repartidor: null',2625.20,0.00,2625.20,1,2,'',123,2,'piero',0,'null'),
  (191,'Rojas','2006-09-02','2006-09-02',' Repartidor: null',110.00,0.00,110.00,1,2,'',124,2,'piero',2,'null'),
  (192,'Retoñito','2006-09-02','2006-09-02',' Repartidor: null',162.00,0.00,162.00,0,2,'',125,2,'piero',0,'null'),
  (193,'Retoñito','2006-09-02','2006-09-02',' Repartidor: null',11997.00,0.00,11997.00,1,2,'',126,2,'piero',0,'null'),
  (194,'Rosa de oro','2006-09-02','2006-09-02',' Repartidor: null',14927.20,0.00,14927.20,1,2,'',127,2,'piero',1,'null'),
  (195,'TEX931122JL3','2006-09-02','2006-09-02',' Repartidor: null',14749.00,0.00,14749.00,1,1,'16543',0,2,'piero',0,'null'),
  (196,'AEVJ741206QJ3','2006-09-02','2006-09-02',' Repartidor: null',6419.60,0.00,6419.60,1,1,'16539',0,2,'piero',2,'null'),
  (197,'AEVJ741206QJ3','2006-09-02','2006-09-02',' Repartidor: null',4575.00,0.00,4575.00,1,1,'16540',0,2,'piero',2,'null'),
  (198,'CTC900503Q24','2006-09-02','2006-09-02',' Repartidor: null',26990.00,0.00,26990.00,1,1,'16545',0,2,'piero',2,'null'),
  (199,'AAGF740817Q38','2006-09-02','2006-09-02',' Repartidor: null',5955.00,0.00,5955.00,1,1,'16546',0,2,'piero',0,'null'),
  (200,'LSF050118U75','2006-09-02','2006-09-02',' Repartidor: null',10400.00,0.00,10400.00,1,1,'16547',0,2,'piero',2,'null'),
  (201,'HESJ501028FJ3','2006-09-02','2006-09-02',' Repartidor: null',2105.00,0.00,2105.00,1,1,'16548',0,2,'piero',2,'null'),
  (202,'GALP601011M59','2006-09-02','2006-09-02',' Repartidor: null',1544.20,0.00,1544.20,1,1,'16550',0,2,'piero',0,'null'),
  (203,'CSC880523NA1','2006-09-02','2006-09-02',' Repartidor: null',9975.00,0.00,9975.00,1,1,'16549',0,2,'piero',2,'null'),
  (204,'MAVP601008RTA','2006-09-02','2006-09-02',' Repartidor: null',4380.00,0.00,4380.00,1,1,'16557',0,2,'piero',0,'null'),
  (205,'PAPE720521P11','2006-09-02','2006-09-02',' Repartidor: null',1345.00,0.00,1345.00,1,1,'16552',0,2,'piero',2,'null'),
  (206,'DCN040210NJO','2006-09-02','2006-09-02',' Repartidor: null',4994.00,0.00,4994.00,1,1,'16553',0,2,'piero',0,'null'),
  (207,'CLA830615UC2','2006-09-02','2006-09-02',' Repartidor: null',6280.00,0.00,6280.00,1,1,'16554',0,2,'piero',0,'null'),
  (208,'CLA830615UC2','2006-09-02','2006-09-02',' Repartidor: null',1632.00,0.00,1632.00,1,1,'16555',0,2,'piero',2,'null'),
  (209,'AEVJ741206QJ3','2006-09-02','2006-09-02',' Repartidor: null',6830.00,0.00,6830.00,1,1,'16544',0,2,'piero',2,'null'),
  (210,'CSL0309122V5','2006-09-02','2006-09-02',' Repartidor: null',3221.00,0.00,3221.00,1,1,'16556',0,2,'piero',2,'null'),
  (211,'la normita','2006-09-02','2006-09-02',' Repartidor: null',4174.00,0.00,4174.00,1,2,'',128,2,'piero',2,'null'),
  (212,'HESJ501028FJ3','2006-09-02','2006-09-02',' Repartidor: null',3920.00,0.00,3920.00,1,1,'16558',0,2,'piero',2,'null'),
  (213,'Ranchito','2006-09-02','2006-09-02',' Repartidor: null',604.00,0.00,604.00,1,2,'',129,2,'piero',2,'null'),
  (214,'Sr. Zarco','2006-09-02','2006-09-02',' Repartidor: null',23214.00,0.00,23214.00,1,2,'',130,2,'piero',2,'null'),
  (215,'DCP040210F26','2006-09-02','2006-09-02',' Repartidor: null',1650.00,0.00,1650.00,1,1,'16559',0,2,'piero',2,'null'),
  (216,'PAPE720521P11','2006-09-02','2006-09-02',' Repartidor: null',2600.00,0.00,2600.00,1,1,'16560',0,2,'piero',2,'null'),
  (217,'D`MargònZ','2006-09-02','2006-09-02',' Repartidor: null',1480.00,0.00,1480.00,1,2,'',131,2,'piero',2,'null'),
  (218,'Bonanza','2006-09-02','2006-09-02',' Repartidor: null',3432.00,0.00,3432.00,1,2,'',132,2,'piero',2,'null'),
  (219,'Union','2006-09-02','2006-09-02',' Repartidor: null',4440.00,0.00,4440.00,1,2,'',133,2,'bety',0,'null'),
  (220,'CTC900503Q24','2006-09-02','2006-09-02',' Repartidor: null',1680.00,0.00,1680.00,1,1,'16561',0,2,'salvador',2,'null'),
  (221,'D`MargònZ','2006-09-04','2006-09-04','',2220.00,0.00,2220.00,1,2,'',134,2,'bety',2,NULL),
  (222,'La Guera','2006-09-04','2006-09-04','',3422.00,0.00,3422.00,1,2,'',135,2,'bety',2,NULL),
  (223,'Juan Zepeda','2006-09-04','2006-09-04','',294.00,0.00,294.00,1,2,'',136,2,'bety',2,NULL),
  (224,'celestino','2006-09-04','2006-09-04','',4110.00,0.00,4110.00,1,2,'',137,2,'bety',2,NULL),
  (225,'Paty','2006-09-04','2006-09-04','',4712.50,0.00,4712.50,1,2,'',138,2,'bety',0,NULL),
  (226,'Alejandro','2006-09-04','2006-09-04','',5957.00,0.00,5957.00,1,2,'',139,2,'bety',0,NULL),
  (227,'Mundo','2006-09-04','2006-09-04','',2494.00,0.00,2494.00,1,2,'',140,2,'bety',0,NULL),
  (228,'Che','2006-09-04','2006-09-04','',260.00,0.00,260.00,1,2,'',141,2,'bety',2,NULL),
  (229,'Retoñito','2006-09-04','2006-09-04','',475.00,0.00,475.00,1,2,'',142,2,'piero',0,NULL),
  (230,'Ruiseñor','2006-09-04','2006-09-04','',8399.20,0.00,8399.20,0,2,'',143,2,'piero',0,NULL),
  (231,'Especial','2006-09-04','2006-09-04','',10210.00,0.00,10210.00,1,2,'',144,2,'piero',0,NULL),
  (232,'Union','2006-09-04','2006-09-04','',3700.00,0.00,3700.00,0,2,'',145,2,'piero',0,NULL),
  (233,'Chucho','2006-09-04','2006-09-04','',6315.00,0.00,6315.00,1,2,'',146,2,'piero',0,NULL),
  (234,'Tapatio','2006-09-04','2006-09-04','',2097.00,0.00,2097.00,1,2,'',147,2,'piero',2,NULL),
  (235,'Che','2006-09-04','2006-09-04','',136.00,0.00,136.00,1,2,'',148,2,'bety',2,NULL),
  (236,'Ruiseñor','2006-09-04','2006-09-04','',8289.20,0.00,8289.20,1,2,'',149,2,'bety',1,NULL),
  (237,'Union','2006-09-04','2006-09-04','',4376.80,0.00,4376.80,1,2,'',150,2,'bety',0,NULL),
  (238,'Gustavo','2006-09-04','2006-09-04','',2180.00,0.00,2180.00,1,2,'',151,2,'bety',2,NULL),
  (239,'Normita','2006-09-04','2006-09-04','',13126.00,0.00,13126.00,1,2,'',152,2,'bety',2,NULL),
  (240,'Barca','2006-09-04','2006-09-04','',6575.00,0.00,6575.00,1,2,'',153,2,'bety',0,NULL),
  (241,'Ramirez','2006-09-04','2006-09-04','',4411.00,0.00,4411.00,0,2,'',154,2,'bety',0,NULL),
  (242,'Josè Manuel','2006-09-04','2006-09-04','',7700.00,0.00,7700.00,1,2,'',155,2,'bety',0,NULL),
  (243,'Ramirez','2006-09-04','2006-09-04','',4673.00,0.00,4673.00,0,2,'',156,2,'bety',0,NULL),
  (244,'Surtidor','2006-09-04','2006-09-04','',2107.50,0.00,2107.50,1,2,'',157,2,'bety',0,NULL),
  (245,'Esperanza','2006-09-04','2006-09-04','',13320.00,0.00,13320.00,1,2,'',158,2,'bety',0,NULL),
  (246,'Esperanza','2006-09-04','2006-09-04','',1500.00,0.00,1500.00,1,2,'',159,2,'bety',2,NULL),
  (247,'Erik','2006-09-04','2006-09-04','',944.00,0.00,944.00,1,2,'',160,2,'bety',2,NULL),
  (248,'Super Palmas','2006-09-04','2006-09-04','',9727.50,0.00,9727.50,1,2,'',161,2,'bety',0,NULL),
  (249,'Retoño','2006-09-04','2006-09-04','',193.00,0.00,193.00,1,2,'',162,2,'bety',2,NULL),
  (250,'Lupita','2006-09-04','2006-09-04','',27168.00,0.00,27168.00,0,2,'',163,2,'bety',0,NULL),
  (251,'Yoely','2006-09-04','2006-09-04','',920.00,0.00,920.00,1,2,'',164,2,'bety',2,NULL),
  (252,'Ranchito','2006-09-04','2006-09-04','',95.50,0.00,95.50,1,2,'',165,2,'bety',2,NULL),
  (253,'AAGF740817Q38','2006-09-04','2006-09-04','',5148.00,0.00,5148.00,1,1,'16569',0,2,'bety',0,NULL),
  (254,'AAGF740817Q38','2006-09-04','2006-09-04','',890.00,0.00,890.00,1,1,'16581',0,2,'bety',0,NULL),
  (255,'CSS850907851','2006-09-04','2006-09-04','',2317.00,0.00,2317.00,1,1,'16571',0,2,'bety',2,NULL),
  (256,'GALP601011M59','2006-09-04','2006-09-04','',7667.40,0.00,7667.40,1,1,'16572',0,2,'bety',0,NULL),
  (257,'CSJ871008UQ4','2006-09-04','2006-09-04','',7400.00,0.00,7400.00,1,1,'16566',0,2,'bety',2,NULL),
  (258,'MAVP601008RTA','2006-09-04','2006-09-04','',11240.00,0.00,11240.00,1,1,'16567',0,2,'bety',0,NULL),
  (259,'HESJ440722S33','2006-09-04','2006-09-04','',18950.00,0.00,18950.00,1,1,'16568',0,2,'bety',0,NULL),
  (260,'Lupita','2006-09-04','2006-09-04','',26056.00,0.00,26056.00,1,2,'',166,2,'bety',2,NULL),
  (261,'HESJ440722S33','2006-09-04','2006-09-04','',16561.80,0.00,16561.80,1,1,'16573',0,2,'bety',0,NULL),
  (262,'HESJ440722S33','2006-09-04','2006-09-04','',6240.00,0.00,6240.00,1,1,'16582',0,2,'bety',0,NULL),
  (263,'PLV0501201N3','2006-09-04','2006-09-04','',5000.00,0.00,5000.00,1,1,'16574',0,2,'bety',2,NULL),
  (264,'TEX931122JL3','2006-09-04','2006-09-04','',8881.00,0.00,8881.00,1,1,'16562',0,2,'bety',2,NULL),
  (265,'DCN040210NJO','2006-09-04','2006-09-04','',5085.00,0.00,5085.00,1,1,'16570',0,2,'bety',0,NULL),
  (266,'PAPE720521P11','2006-09-04','2006-09-04','',3050.00,0.00,3050.00,0,1,'16576',0,2,'bety',0,NULL),
  (267,'PAPE720521P11','2006-09-04','2006-09-04','',2265.00,0.00,2265.00,1,1,'16576',0,2,'bety',2,NULL),
  (268,'CLA830615UC2','2006-09-04','2006-09-04','',1704.00,0.00,1704.00,1,1,'16577',0,2,'bety',0,NULL),
  (269,'CLA830615UC2','2006-09-04','2006-09-04','',4480.00,0.00,4480.00,1,1,'16580',0,2,'bety',0,NULL),
  (270,'CSL0309122V5','2006-09-04','2006-09-04','',1123.40,0.00,1123.40,1,1,'16579',0,2,'bety',2,NULL),
  (271,'CSC880523NA1','2006-09-04','2006-09-04','',2600.00,0.00,2600.00,1,1,'16578',0,2,'bety',2,NULL),
  (272,'AEVJ741206QJ3','2006-09-04','2006-09-04','',7326.00,0.00,7326.00,1,1,'16575',0,2,'bety',2,NULL),
  (273,'Normita','2006-09-04','2006-09-04','',665.00,0.00,665.00,1,2,'',167,2,'bety',2,NULL),
  (274,'Juan Munoz','2006-09-04','2006-09-04','',10201.00,0.00,10201.00,1,2,'',168,2,'bety',2,NULL),
  (275,'AARZ770413CVA','2006-09-04','2006-09-04','',3700.00,0.00,3700.00,1,2,'',169,2,'bety',2,NULL),
  (276,'Normita','2006-09-04','2006-09-04','',1650.00,0.00,1650.00,1,2,'',170,2,'bety',2,NULL),
  (277,'AARZ770413CVA','2006-09-04','2006-09-04','',4485.00,0.00,4485.00,1,1,'16583',0,2,'bety',2,NULL),
  (278,'GAAY8110197E3','2006-09-04','2006-09-04','',20225.00,0.00,20225.00,1,1,'16584',0,2,'bety',2,NULL),
  (279,'Erik','2006-09-04','2006-09-04','',74.00,0.00,74.00,1,2,'',171,2,'bety',2,NULL),
  (280,'Juan Munoz','2006-09-04','2006-09-04','',3519.50,0.00,3519.50,1,2,'',172,2,'bety',2,NULL),
  (281,'La Guera','2006-09-04','2006-09-04','',4436.00,0.00,4436.00,1,2,'',173,2,'bety',2,NULL),
  (282,'Ruiseñor','2006-09-04','2006-09-04','',2600.00,0.00,2600.00,1,2,'',174,2,'bety',2,NULL),
  (283,'Ramirez','2006-09-04','2006-09-04','',4568.00,0.00,4568.00,1,2,'',175,2,'piero',0,NULL),
  (284,'Super Palmas','2006-09-04','2006-09-04','',1120.00,0.00,1120.00,1,2,'',176,2,'piero',0,NULL),
  (285,'Mario','2006-09-05','2006-09-05','',419.00,0.00,419.00,1,2,'',177,2,'bety',2,NULL),
  (286,'Che','2006-09-05','2006-09-05','',332.00,0.00,332.00,1,2,'',178,2,'SALVADOR',2,NULL),
  (287,'Juan Zepeda','2006-09-05','2006-09-05','',692.00,0.00,692.00,1,2,'',179,2,'bety',2,NULL),
  (288,'El Pico de O','2006-09-05','2006-09-05','',2825.20,0.00,2825.20,1,2,'',180,2,'SALVADOR',2,NULL),
  (289,'Nochistlan','2006-09-05','2006-09-05','',157.00,0.00,157.00,1,2,'',181,2,'salvador',2,NULL),
  (290,'TEX931122JL3','2006-09-05','2006-09-05','',18400.00,0.00,18400.00,1,2,'',182,2,'salvador',1,NULL),
  (291,'Union','2006-09-05','2006-09-05','',4460.00,0.00,4460.00,1,2,'',183,2,'salvador',0,NULL),
  (292,'Teresita','2006-09-05','2006-09-05','',12385.00,0.00,12385.00,1,2,'',184,2,'salvador',2,NULL),
  (293,'Yoely','2006-09-05','2006-09-05','',11861.00,0.00,11861.00,1,2,'',185,2,'salvador',1,NULL),
  (294,'Especial','2006-09-05','2006-09-05','',16966.00,0.00,16966.00,1,2,'',186,2,'salvador',0,NULL),
  (295,'Bonanza','2006-09-05','2006-09-05','',2404.00,0.00,2404.00,1,2,'',187,2,'salvador',2,NULL),
  (296,'Erik','2006-09-05','2006-09-05','',377.00,0.00,377.00,1,2,'',188,2,'salvador',2,NULL),
  (297,'Chucho','2006-09-05','2006-09-05','',1350.00,0.00,1350.00,0,2,'',189,2,'salvador',0,NULL),
  (298,'Tapatio','2006-09-05','2006-09-05','',3700.00,0.00,3700.00,1,2,'',190,2,'salvador',2,NULL),
  (299,'Retoñito','2006-09-05','2006-09-05','',2938.50,0.00,2938.50,0,2,'',191,2,'salvador',0,NULL),
  (300,'TEX931122JL3','2006-09-05','2006-09-05','',845.00,0.00,845.00,1,1,'16595',0,2,'piero',0,NULL),
  (301,'TEX931122JL3','2006-09-05','2006-09-05','',10458.00,0.00,10458.00,1,1,'16586',0,2,'piero',0,NULL),
  (302,'PLV0501201N3','2006-09-05','2006-09-05','',3050.00,0.00,3050.00,1,1,'16587',0,2,'piero',2,NULL),
  (303,'Normita','2006-09-05','2006-09-05','',6920.00,0.00,6920.00,0,2,'',192,2,'salvador',0,NULL),
  (304,'AAGF740817Q38','2006-09-05','2006-09-05','',5075.00,0.00,5075.00,1,1,'16588',0,2,'piero',0,NULL),
  (305,'DCP040210J5A','2006-09-05','2006-09-05','',1175.00,0.00,1175.00,1,1,'16589',0,2,'piero',2,NULL),
  (306,'HESJ440722S33','2006-09-05','2006-09-05','',15690.00,0.00,15690.00,1,1,'16590',0,2,'piero',0,NULL),
  (307,'GALP601011M59','2006-09-05','2006-09-05','',2025.00,0.00,2025.00,1,1,'16591',0,2,'piero',0,NULL),
  (308,'Laura','2006-09-05','2006-09-05','',4069.00,0.00,4069.00,1,2,'',193,2,'salvador',0,NULL),
  (309,'MAVP601008RTA','2006-09-05','2006-09-05','',7844.00,0.00,7844.00,1,1,'16596',0,2,'piero',0,NULL),
  (310,'MAVP601008RTA','2006-09-05','2006-09-05','',9800.00,0.00,9800.00,1,1,'16592',0,2,'piero',0,NULL),
  (311,'PAPE720521P11','2006-09-05','2006-09-05','',2960.00,0.00,2960.00,1,1,'16593',0,2,'piero',2,NULL),
  (312,'Ranchito','2006-09-05','2006-09-05','',4684.00,0.00,4684.00,1,2,'',194,2,'salvador',2,NULL),
  (313,'CSL0309122V5','2006-09-05','2006-09-05','',7795.00,0.00,7795.00,1,1,'16594',0,2,'piero',2,NULL),
  (314,'Josè Manuel','2006-09-05','2006-09-05','',4118.50,0.00,4118.50,1,2,'',195,2,'salvador',0,NULL),
  (315,'Surtidor','2006-09-05','2006-09-05','',920.00,0.00,920.00,1,2,'',196,2,'salvador',0,NULL),
  (316,'TEX00111779A','2006-09-05','2006-09-05','',19993.00,0.00,19993.00,1,1,'16597',0,2,'piero',2,NULL),
  (317,'Normita','2006-09-05','2006-09-05','',6330.00,0.00,6330.00,1,2,'',197,2,'salvador',2,NULL),
  (318,'Retoñito','2006-09-05','2006-09-05','',2994.00,0.00,2994.00,1,2,'',198,2,'salvador',0,NULL),
  (319,'Chucho','2006-09-05','2006-09-05','',3000.00,0.00,3000.00,1,2,'',199,2,'salvador',0,NULL),
  (320,'Esperanza','2006-09-05','2006-09-05','',3688.00,0.00,3688.00,1,2,'',200,2,'salvador',0,NULL),
  (321,'Esperanza','2006-09-05','2006-09-05','',1500.00,0.00,1500.00,1,2,'',201,2,'salvador',2,NULL),
  (322,'Retoño','2006-09-05','2006-09-05','',4565.00,0.00,4565.00,1,2,'',202,2,'salvador',0,NULL),
  (323,'Ruiseñor','2006-09-05','2006-09-05','',3800.00,0.00,3800.00,1,2,'',203,2,'salvador',0,NULL),
  (324,'Lupita','2006-09-05','2006-09-05','',6585.00,0.00,6585.00,0,2,'',204,2,'salvador',0,NULL),
  (325,'Lupita','2006-09-05','2006-09-05','',6660.00,0.00,6660.00,1,2,'',205,2,'salvador',2,NULL),
  (326,'Rancherita','2006-09-05','2006-09-05','',1899.00,0.00,1899.00,1,2,'',206,2,'salvador',0,NULL),
  (327,'Union','2006-09-05','2006-09-05','',4200.00,0.00,4200.00,1,2,'',207,2,'salvador',0,NULL),
  (328,'CSS850907851','2006-09-05','2006-09-05','',3640.00,0.00,3640.00,1,1,'16598',0,2,'salvador',2,NULL),
  (329,'CSC880523NA1','2006-09-05','2006-09-05','',36000.00,0.00,36000.00,1,1,'16585',0,2,'salvador',2,NULL),
  (330,'Juan Munoz','2006-09-06','2006-09-06','',20437.00,0.00,20437.00,1,2,'',208,2,'bety',2,NULL),
  (331,'La Guera','2006-09-06','2006-09-06','',2354.00,0.00,2354.00,1,2,'',209,2,'bety',2,NULL),
  (332,'Mario','2006-09-06','2006-09-06','',7360.00,0.00,7360.00,1,2,'',210,2,'bety',2,NULL),
  (333,'melo','2006-09-06','2006-09-06','',4003.00,0.00,4003.00,1,2,'',211,2,'bety',2,NULL),
  (334,'Gustavo','2006-09-06','2006-09-06','',2780.00,0.00,2780.00,1,2,'',212,2,'bety',2,NULL),
  (335,'Alfredo','2006-09-06','2006-09-06','',8389.00,0.00,8389.00,1,2,'',213,2,'bety',1,NULL),
  (336,'DCP040210F26','2006-09-06','2006-09-06','',2510.00,0.00,2510.00,1,1,'16599',0,2,'bety',2,NULL),
  (337,'AAGF740817Q38','2006-09-06','2006-09-06','',6572.00,0.00,6572.00,1,1,'16600',0,2,'bety',0,NULL),
  (338,'DMA0106263S9','2006-09-06','2006-09-06','',2010.00,0.00,2010.00,1,1,'16601',0,2,'bety',0,NULL),
  (339,'CSS850907851','2006-09-06','2006-09-06','',7895.00,0.00,7895.00,1,1,'16602',0,2,'bety',0,NULL),
  (340,'Erik','2006-09-06','2006-09-06','',628.50,0.00,628.50,1,2,'',214,2,'salvador',2,NULL),
  (341,'Retoño','2006-09-06','2006-09-06','',7500.00,0.00,7500.00,1,2,'',215,2,'salvador',0,NULL),
  (342,'DCH040220NMA','2006-09-06','2006-09-06','',3986.00,0.00,3986.00,1,1,'16604',0,2,'bety',2,NULL),
  (343,'DCH040220NMA','2006-09-06','2006-09-06','',4848.00,0.00,4848.00,1,1,'16605',0,2,'bety',0,NULL),
  (344,'MAVP601008RTA','2006-09-06','2006-09-06','',3025.00,0.00,3025.00,1,1,'16606',0,2,'bety',0,NULL),
  (345,'HESJ440722S33','2006-09-06','2006-09-06','',9880.00,0.00,9880.00,1,1,'16607',0,2,'bety',0,NULL),
  (346,'CSL0309122V5','2006-09-06','2006-09-06','',4614.00,0.00,4614.00,1,1,'16609',0,2,'bety',2,NULL),
  (347,'GAAY8110197E3','2006-09-06','2006-09-06','',4830.00,0.00,4830.00,1,1,'16611',0,2,'bety',2,NULL),
  (348,'CLA830615UC2','2006-09-06','2006-09-06','',2261.00,0.00,2261.00,1,1,'16610',0,2,'bety',0,NULL),
  (349,'GALP601011M59','2006-09-06','2006-09-06','',6070.00,0.00,6070.00,1,1,'16612',0,2,'bety',0,NULL),
  (350,'Juan Zepeda','2006-09-06','2006-09-06','',62.50,0.00,62.50,1,2,'',216,2,'salvador',2,NULL),
  (351,'TEX931122JL3','2006-09-06','2006-09-06','',7337.00,0.00,7337.00,1,1,'16603',0,2,'bety',0,NULL),
  (352,'Ramirez','2006-09-06','2006-09-06','',5389.00,0.00,5389.00,1,2,'',217,2,'salvador',0,NULL),
  (353,'Union','2006-09-06','2006-09-06','',5920.00,0.00,5920.00,1,2,'',218,2,'salvador',0,NULL),
  (354,'Chucho','2006-09-06','2006-09-06','',1260.00,0.00,1260.00,1,2,'',219,2,'salvador',0,NULL),
  (355,'Ranchito','2006-09-06','2006-09-06','',4100.00,0.00,4100.00,1,2,'',220,2,'salvador',2,NULL),
  (356,'Yoely','2006-09-06','2006-09-06','',340.00,0.00,340.00,1,2,'',221,2,'salvador',0,NULL),
  (357,'Especial','2006-09-06','2006-09-06','',3887.00,0.00,3887.00,1,2,'',222,2,'salvador',0,NULL),
  (358,'Lupita','2006-09-06','2006-09-06','',9035.00,0.00,9035.00,1,2,'',223,2,'salvador',0,NULL),
  (359,'Retoñito','2006-09-06','2006-09-06','',4618.00,0.00,4618.00,1,2,'',224,2,'salvador',0,NULL),
  (360,'Surtidor','2006-09-06','2006-09-06','',2768.00,0.00,2768.00,1,2,'',225,2,'salvador',0,NULL),
  (361,'Esperanza','2006-09-06','2006-09-06','',1003.40,0.00,1003.40,1,2,'',226,2,'salvador',0,NULL),
  (362,'Esperanza','2006-09-06','2006-09-06','',1500.00,0.00,1500.00,1,2,'',227,2,'salvador',2,NULL),
  (363,'Ruiseñor','2006-09-06','2006-09-06','',1797.00,0.00,1797.00,1,2,'',228,2,'salvador',2,NULL),
  (364,'Normita','2006-09-06','2006-09-06','',320.00,0.00,320.00,1,2,'',229,2,'salvador',2,NULL),
  (365,'celestino','2006-09-07','2006-09-07','',2470.00,0.00,2470.00,0,2,'',230,2,'bety',0,NULL),
  (366,'celestino','2006-09-07','2006-09-07','',2401.00,0.00,2401.00,0,2,'',231,2,'SALVADOR',0,NULL),
  (367,'La Guera','2006-09-07','2006-09-07','',6212.00,0.00,6212.00,1,2,'',232,2,'bety',2,NULL),
  (368,'D`MargònZ','2006-09-07','2006-09-07','',740.00,0.00,740.00,1,2,'',233,2,'SALVADOR',2,NULL),
  (369,'PAPE720521P11','2006-09-07','2006-09-07','',2440.00,0.00,2440.00,1,1,'16641',0,2,'bety',2,NULL),
  (370,'Yoely','2006-09-07','2006-09-07','',3900.00,0.00,3900.00,1,2,'',234,2,'SALVADOR',0,NULL),
  (371,'Palomas','2006-09-07','2006-09-07','',19200.00,0.00,19200.00,1,2,'',235,2,'SALVADOR',0,NULL),
  (372,'MAVP601008RTA','2006-09-07','2006-09-07','',44668.00,0.00,44668.00,1,1,'16615',0,2,'bety',0,NULL),
  (373,'AAGF740817Q38','2006-09-07','2006-09-07','',5200.00,0.00,5200.00,1,1,'16617',0,2,'bety',0,NULL),
  (374,'CSS850907851','2006-09-07','2006-09-07','',4440.00,0.00,4440.00,1,1,'16618',0,2,'bety',0,NULL),
  (375,'CSH870328B82','2006-09-07','2006-09-07','',2000.00,0.00,2000.00,1,1,'16619',0,2,'bety',2,NULL),
  (376,'El Toro','2006-09-07','2006-09-07','',4157.00,0.00,4157.00,1,2,'',236,2,'SALVADOR',2,NULL),
  (377,'LSF050118U75','2006-09-07','2006-09-07','',4086.00,0.00,4086.00,1,1,'16620',0,2,'bety',0,NULL),
  (378,'Rigo','2006-09-07','2006-09-07','',4000.00,0.00,4000.00,1,2,'',237,2,'SALVADOR',0,NULL),
  (379,'HESJ440722S33','2006-09-07','2006-09-07','',5050.00,0.00,5050.00,1,1,'16621',0,2,'bety',0,NULL),
  (380,'Chucho','2006-09-07','2006-09-07','',2000.00,0.00,2000.00,1,2,'',238,2,'SALVADOR',0,NULL),
  (381,'DMA0106263S9','2006-09-07','2006-09-07','',63359.00,0.00,63359.00,1,1,'16626',0,2,'bety',0,NULL),
  (382,'Ranchito','2006-09-07','2006-09-07','',894.00,0.00,894.00,1,2,'',239,2,'SALVADOR',2,NULL),
  (383,'PLV0501201N3','2006-09-07','2006-09-07','',4000.00,0.00,4000.00,1,1,'16623',0,2,'bety',2,NULL),
  (384,'CLA830615UC2','2006-09-07','2006-09-07','',845.00,0.00,845.00,1,1,'16624',0,2,'bety',0,NULL),
  (385,'CSL0309122V5','2006-09-07','2006-09-07','',1500.00,0.00,1500.00,1,1,'16625',0,2,'bety',0,NULL),
  (386,'Bonanza','2006-09-07','2006-09-07','',1158.00,0.00,1158.00,1,2,'',240,2,'SALVADOR',2,NULL),
  (387,'Erik','2006-09-07','2006-09-07','',754.00,0.00,754.00,1,2,'',241,2,'SALVADOR',2,NULL),
  (388,'Rancherita','2006-09-07','2006-09-07','',7450.00,0.00,7450.00,1,2,'',242,2,'SALVADOR',0,NULL),
  (389,'RARR7404053M1','2006-09-07','2006-09-07','',3450.00,0.00,3450.00,1,2,'',243,2,'SALVADOR',0,NULL),
  (390,'AEVJ741206QJ3','2006-09-07','2006-09-07','',35700.40,0.00,35700.40,1,1,'16630',0,2,'bety',2,NULL),
  (391,'GAAY8110197E3','2006-09-07','2006-09-07','',18140.00,0.00,18140.00,1,1,'16628',0,2,'bety',2,NULL),
  (392,'TEX931122JL3','2006-09-07','2006-09-07','',740.00,0.00,740.00,1,1,'16629',0,2,'bety',0,NULL),
  (393,'CSC880523NA1','2006-09-07','2006-09-07','',39530.00,0.00,39530.00,1,1,'16632',0,2,'bety',2,NULL),
  (394,'Tapatio','2006-09-07','2006-09-07','',445.00,0.00,445.00,1,2,'',244,2,'SALVADOR',2,NULL),
  (395,'TEX931122JL3','2006-09-07','2006-09-07','',8912.00,0.00,8912.00,1,1,'16616',0,2,'bety',0,NULL),
  (396,'Normita','2006-09-07','2006-09-07','',7136.00,0.00,7136.00,1,2,'',245,2,'SALVADOR',2,NULL),
  (397,'Lupita','2006-09-07','2006-09-07','',13900.00,0.00,13900.00,1,2,'',246,2,'SALVADOR',1,NULL),
  (398,'Laura','2006-09-07','2006-09-07','',3290.00,0.00,3290.00,1,2,'',247,2,'SALVADOR',0,NULL),
  (399,'Especial','2006-09-07','2006-09-07','',5882.00,0.00,5882.00,1,2,'',248,2,'SALVADOR',0,NULL),
  (400,'AARZ770413CVA','2006-09-07','2006-09-07','',845.00,0.00,845.00,1,2,'',249,2,'SALVADOR',2,NULL),
  (401,'Josè Manuel','2006-09-07','2006-09-07','',5355.00,0.00,5355.00,1,2,'',250,2,'SALVADOR',0,NULL),
  (402,'Surtidor','2006-09-07','2006-09-07','',2125.00,0.00,2125.00,1,2,'',251,2,'SALVADOR',0,NULL),
  (403,'Normita','2006-09-07','2006-09-07','',3900.00,0.00,3900.00,1,2,'',252,2,'SALVADOR',2,NULL),
  (404,'Barca','2006-09-07','2006-09-07','',5444.00,0.00,5444.00,1,2,'',253,2,'SALVADOR',0,NULL),
  (405,'Ruiseñor','2006-09-07','2006-09-07','',8035.00,0.00,8035.00,1,2,'',254,2,'SALVADOR',0,NULL),
  (406,'GALP601011M59','2006-09-07','2006-09-07','',890.00,0.00,890.00,1,1,'16631',0,2,'SALVADOR',0,NULL),
  (407,'AEVJ741206QJ3','2006-09-07','2006-09-07','',9400.00,0.00,9400.00,1,1,'16632',0,2,'SALVADOR',2,NULL),
  (408,'Esperanza','2006-09-07','2006-09-07','',1500.00,0.00,1500.00,1,2,'',255,2,'SALVADOR',2,NULL),
  (409,'Esperanza','2006-09-07','2006-09-07','',9481.00,0.00,9481.00,1,2,'',256,2,'SALVADOR',0,NULL),
  (410,'MarioSantiago','2006-09-07','2006-09-07','',30000.00,0.00,30000.00,1,2,'',257,2,'piero',2,NULL),
  (411,'Ramirez','2006-09-08','2006-09-08','',5616.00,0.00,5616.00,1,2,'',258,2,'piero',0,NULL),
  (412,'Bonanza','2006-09-08','2006-09-08','',1125.00,0.00,1125.00,1,2,'',259,2,'piero',2,NULL),
  (413,'Super Palmas','2006-09-08','2006-09-08','',9336.00,0.00,9336.00,1,2,'',260,2,'piero',0,NULL),
  (414,'Union','2006-09-08','2006-09-08','',9367.50,0.00,9367.50,0,2,'',261,2,'piero',0,NULL),
  (415,'Teresita','2006-09-08','2006-09-08','',6900.00,0.00,6900.00,1,2,'',262,2,'piero',0,NULL),
  (416,'Chucho','2006-09-08','2006-09-08','',5045.00,0.00,5045.00,1,2,'',263,2,'piero',0,NULL),
  (417,'Tapatio','2006-09-08','2006-09-08','',3523.00,0.00,3523.00,1,2,'',264,2,'piero',2,NULL),
  (418,'Lupita','2006-09-08','2006-09-08','',14920.00,0.00,14920.00,1,2,'',265,2,'piero',0,NULL),
  (419,'Rancherita','2006-09-08','2006-09-08','',860.00,0.00,860.00,0,2,'',266,2,'piero',0,NULL),
  (420,'Retoñito','2006-09-08','2006-09-08','',2109.20,0.00,2109.20,1,2,'',267,2,'piero',0,NULL),
  (421,'Ranchito','2006-09-08','2006-09-08','',3151.00,0.00,3151.00,0,2,'',268,2,'piero',0,NULL),
  (422,'Especial','2006-09-08','2006-09-08','',14789.00,0.00,14789.00,1,2,'',269,2,'piero',0,NULL),
  (423,'La Guera','2006-09-08','2006-09-08','',4138.40,0.00,4138.40,1,2,'',270,2,'piero',2,NULL),
  (424,'Rancherita','2006-09-08','2006-09-08','',1420.00,0.00,1420.00,1,2,'',271,2,'piero',0,NULL),
  (425,'Josè Manuel','2006-09-08','2006-09-08','',2945.00,0.00,2945.00,1,2,'',272,2,'piero',0,NULL),
  (426,'Surtidor','2006-09-08','2006-09-08','',16992.00,0.00,16992.00,1,2,'',273,2,'piero',0,NULL),
  (427,'Ranchito','2006-09-08','2006-09-08','',2885.00,0.00,2885.00,1,2,'',274,2,'piero',2,NULL),
  (428,'Esperanza','2006-09-08','2006-09-08','',1500.00,0.00,1500.00,1,2,'',275,2,'piero',2,NULL),
  (429,'Esperanza','2006-09-08','2006-09-08','',3624.00,0.00,3624.00,0,2,'',276,2,'piero',0,NULL),
  (430,'Retoño','2006-09-08','2006-09-08','',8040.00,0.00,8040.00,1,2,'',277,2,'piero',0,NULL),
  (431,'Yoely','2006-09-08','2006-09-08','',1960.00,0.00,1960.00,0,2,'',278,2,'piero',0,NULL),
  (432,'Normita','2006-09-08','2006-09-08','',2730.00,0.00,2730.00,1,2,'',279,2,'piero',2,NULL),
  (433,'Union','2006-09-08','2006-09-08','',9802.50,0.00,9802.50,1,2,'',280,2,'piero',0,NULL),
  (434,'CSC880523NA1','2006-09-08','2006-09-08','',9420.00,0.00,9420.00,1,1,'16633',0,2,'bety',2,NULL),
  (435,'TEX931122JL3','2006-09-08','2006-09-08','',12115.00,0.00,12115.00,1,1,'16634',0,2,'bety',0,NULL),
  (436,'AAGF740817Q38','2006-09-08','2006-09-08','',5240.00,0.00,5240.00,1,1,'1665',0,2,'bety',0,NULL),
  (437,'DMA0106263S9','2006-09-08','2006-09-08','',3300.00,0.00,3300.00,1,1,'16636',0,2,'bety',0,NULL),
  (438,'CSS850907851','2006-09-08','2006-09-08','',12000.00,0.00,12000.00,1,1,'16637',0,2,'bety',0,NULL),
  (439,'LSF050118U75','2006-09-08','2006-09-08','',5433.00,0.00,5433.00,1,1,'16638',0,2,'bety',0,NULL),
  (440,'HESJ501028FJ3','2006-09-08','2006-09-08','',4778.50,0.00,4778.50,1,1,'16639',0,2,'bety',0,NULL),
  (441,'GALP601011M59','2006-09-08','2006-09-08','',4690.00,0.00,4690.00,1,1,'16640',0,2,'bety',0,NULL),
  (442,'MAVP601008RTA','2006-09-08','2006-09-08','',10250.00,0.00,10250.00,1,1,'16641',0,2,'bety',0,NULL),
  (443,'Ramirez','2006-09-08','2006-09-08','',15700.00,0.00,15700.00,1,2,'',281,2,'bety',0,NULL),
  (444,'CLA830615UC2','2006-09-08','2006-09-08','',5038.00,0.00,5038.00,1,1,'16644',0,2,'bety',0,NULL),
  (445,'CSL0309122V5','2006-09-08','2006-09-08','',7946.00,0.00,7946.00,1,1,'16643',0,2,'bety',0,NULL),
  (446,'PLV0501201N3','2006-09-08','2006-09-08','',15240.00,0.00,15240.00,1,1,'16645',0,2,'bety',0,NULL),
  (447,'Yovany','2006-09-08','2006-09-08','',242.00,0.00,242.00,1,2,'',282,2,'bety',2,NULL),
  (448,'Che','2006-09-08','2006-09-08','',1260.00,0.00,1260.00,1,2,'',283,2,'salvador',2,NULL),
  (449,'Trinidad','2006-09-08','2006-09-08','',10967.00,0.00,10967.00,1,2,'',284,2,'bety',2,NULL),
  (450,'Juan Munoz','2006-09-08','2006-09-08','',22959.00,0.00,22959.00,1,2,'',285,2,'salvador',0,NULL),
  (451,'Esperanza','2006-09-08','2006-09-08','',3492.00,0.00,3492.00,1,2,'',286,2,'piero',0,NULL),
  (452,'Juan Munoz','2006-09-08','2006-09-08','',1320.00,0.00,1320.00,1,2,'',287,2,'piero',2,NULL),
  (453,'Sr. Zarco','2006-09-09','2006-09-09','',23957.50,0.00,23957.50,1,2,'',288,2,'piero',1,NULL),
  (454,'Palomas','2006-09-09','2006-09-09','',3215.00,0.00,3215.00,0,2,'',289,2,'piero',0,NULL),
  (455,'Union','2006-09-09','2006-09-09','',11100.00,0.00,11100.00,1,2,'',290,2,'piero',0,NULL),
  (456,'Ramirez','2006-09-09','2006-09-09','',19234.00,0.00,19234.00,1,2,'',291,2,'piero',0,NULL),
  (457,'Ruiseñor','2006-09-09','2006-09-09','',4715.20,0.00,4715.20,1,2,'',292,2,'piero',0,NULL),
  (458,'Yoely','2006-09-09','2006-09-09','',4649.50,0.00,4649.50,0,2,'',293,2,'piero',0,NULL),
  (459,'Bonanza','2006-09-09','2006-09-09','',1273.00,0.00,1273.00,1,2,'',294,2,'piero',2,NULL),
  (460,'Palomas','2006-09-09','2006-09-09','',24500.00,0.00,24500.00,1,2,'',295,2,'piero',0,NULL),
  (461,'Super Palmas','2006-09-09','2006-09-09','',2255.00,0.00,2255.00,1,2,'',296,2,'piero',0,NULL),
  (462,'Erik','2006-09-09','2006-09-09','',864.00,0.00,864.00,1,2,'',297,2,'piero',2,NULL),
  (463,'Rigo','2006-09-09','2006-09-09','',5590.00,0.00,5590.00,1,2,'',298,2,'piero',0,NULL),
  (464,'Chucho','2006-09-09','2006-09-09','',2769.00,0.00,2769.00,1,2,'',299,2,'piero',0,NULL),
  (465,'Tapatio','2006-09-09','2006-09-09','',1108.00,0.00,1108.00,1,2,'',300,2,'piero',0,NULL),
  (466,'Esperanza','2006-09-09','2006-09-09','',20050.00,0.00,20050.00,0,2,'',301,2,'piero',0,NULL),
  (467,'Esperanza','2006-09-09','2006-09-09','',1480.00,0.00,1480.00,1,2,'',302,2,'piero',2,NULL),
  (468,'Normita','2006-09-09','2006-09-09','',14237.80,0.00,14237.80,1,2,'',303,2,'piero',0,NULL),
  (469,'Ranchito','2006-09-09','2006-09-09','',23457.20,0.00,23457.20,1,2,'',304,2,'piero',0,NULL),
  (470,'Especial','2006-09-09','2006-09-09','',1690.00,0.00,1690.00,0,2,'',305,2,'piero',0,NULL),
  (471,'Josè Manuel','2006-09-09','2006-09-09','',37025.00,0.00,37025.00,0,2,'',306,2,'piero',0,NULL),
  (472,'Surtidor','2006-09-09','2006-09-09','',1622.00,0.00,1622.00,1,2,'',307,2,'piero',0,NULL),
  (473,'Retoño','2006-09-09','2006-09-09','',26812.00,0.00,26812.00,1,2,'',308,2,'piero',0,NULL),
  (474,'Laura','2006-09-09','2006-09-09','',3075.00,0.00,3075.00,1,2,'',309,2,'piero',0,NULL),
  (475,'Retoñito','2006-09-09','2006-09-09','',8900.00,0.00,8900.00,1,2,'',310,2,'piero',0,NULL),
  (476,'DCP040210F26','2006-09-09','2006-09-09','',2240.00,0.00,2240.00,1,1,'16648',0,2,'piero',0,NULL),
  (477,'PLV0501201N3','2006-09-09','2006-09-09','',5837.00,0.00,5837.00,1,1,'16650',0,2,'piero',0,NULL),
  (478,'AEVJ741206QJ3','2006-09-09','2006-09-09','',507.60,0.00,507.60,1,1,'16647',0,2,'piero',2,NULL),
  (479,'AEVJ741206QJ3','2006-09-09','2006-09-09','',10282.00,0.00,10282.00,1,1,'16646',0,2,'piero',2,NULL),
  (480,'CTC900503Q24','2006-09-09','2006-09-09','',27085.00,0.00,27085.00,1,1,'16651',0,2,'piero',0,NULL),
  (481,'AAGF740817Q38','2006-09-09','2006-09-09','',4730.00,0.00,4730.00,1,1,'16652',0,2,'piero',0,NULL),
  (482,'CSS850907851','2006-09-09','2006-09-09','',3288.00,0.00,3288.00,1,1,'16653',0,2,'piero',0,NULL),
  (483,'LSF050118U75','2006-09-09','2006-09-09','',9180.00,0.00,9180.00,1,1,'16654',0,2,'piero',0,NULL),
  (484,'GALP601011M59','2006-09-09','2006-09-09','',1879.20,0.00,1879.20,1,1,'16655',0,2,'piero',0,NULL),
  (485,'DCS0402101N9','2006-09-09','2006-09-09','',5255.00,0.00,5255.00,1,1,'16656',0,2,'piero',0,NULL),
  (486,'DCH040220NMA','2006-09-09','2006-09-09','',5782.00,0.00,5782.00,1,1,'16657',0,2,'piero',0,NULL),
  (487,'MAVP601008RTA','2006-09-09','2006-09-09','',2960.00,0.00,2960.00,1,1,'16658',0,2,'piero',0,NULL),
  (488,'CSC880523NA1','2006-09-09','2006-09-09','',14750.00,0.00,14750.00,1,1,'16659',0,2,'piero',0,NULL),
  (489,'HESJ440722S33','2006-09-09','2006-09-09','',1886.80,0.00,1886.80,1,1,'16660',0,2,'piero',0,NULL),
  (490,'HESJ501028FJ3','2006-09-09','2006-09-09','',3538.00,0.00,3538.00,1,1,'16661',0,2,'piero',0,NULL),
  (491,'DCN040210NJO','2006-09-09','2006-09-09','',13190.00,0.00,13190.00,1,1,'16662',0,2,'piero',0,NULL),
  (492,'PAPE720521P11','2006-09-09','2006-09-09','',785.00,0.00,785.00,1,1,'16663',0,2,'piero',0,NULL),
  (493,'Barca','2006-09-09','2006-09-09','',4663.00,0.00,4663.00,1,2,'',311,2,'piero',0,NULL),
  (494,'CLA830615UC2','2006-09-09','2006-09-09','',6473.00,0.00,6473.00,1,1,'16664',0,2,'piero',0,NULL),
  (495,'CLA830615UC2','2006-09-09','2006-09-09','',4166.00,0.00,4166.00,1,1,'16665',0,2,'piero',0,NULL),
  (496,'CSL0309122V5','2006-09-09','2006-09-09','',4457.00,0.00,4457.00,1,1,'16666',0,2,'piero',0,NULL),
  (497,'Especial','2006-09-09','2006-09-09','',7730.00,0.00,7730.00,1,2,'',312,2,'piero',0,NULL),
  (498,'TEX931122JL3','2006-09-09','2006-09-09','',4417.00,0.00,4417.00,1,1,'16649',0,2,'piero',0,NULL),
  (499,'AEVJ741206QJ3','2006-09-09','2006-09-09','',4869.00,0.00,4869.00,1,2,'',313,2,'piero',2,NULL),
  (500,'Josè Manuel','2006-09-09','2006-09-09','',25530.00,0.00,25530.00,1,2,'',314,2,'piero',0,NULL);

COMMIT;

#
# Data for the `ventas` table  (LIMIT 500,500)
#

# claveVenta:3:49667
# claveCliente:253:0
# fechaAlta:10:128
# fechaEntrega:10:128
# observaciones:253:0
# subtotal:5:32768
# iva:5:32768
# total:5:32768
# activo:3:32768
# tipo:3:32768
# factura:253:0
# remision:3:32768
# Entrega:3:32768
# usuario:253:0
# pago:3:32768
# repartidor:253:0

INSERT INTO `ventas` (`claveVenta`, `claveCliente`, `fechaAlta`, `fechaEntrega`, `observaciones`, `subtotal`, `iva`, `total`, `activo`, `tipo`, `factura`, `remision`, `Entrega`, `usuario`, `pago`, `repartidor`) VALUES 
  (501,'Esperanza','2006-09-09','2006-09-09','',24135.00,0.00,24135.00,1,2,'',315,2,'piero',0,NULL),
  (502,'Yoely','2006-09-09','2006-09-09','',1875.00,0.00,1875.00,1,2,'',316,2,'salvador',0,NULL),
  (503,'DCP040210F26','2006-09-09','2006-09-09','',614.20,0.00,614.20,1,1,'16668',0,2,'piero',0,NULL),
  (504,'Yoely','2006-09-09','2006-09-09','',4304.50,0.00,4304.50,1,2,'',317,2,'piero',0,NULL),
  (505,'Rojas','2006-09-11','2006-09-11','',110.00,0.00,110.00,1,2,'',318,2,'bety',2,NULL),
  (506,'La Guera','2006-09-11','2006-09-11','',2600.00,0.00,2600.00,1,2,'',319,2,'bety',2,NULL),
  (507,'Paty','2006-09-11','2006-09-11','',3000.00,0.00,3000.00,1,2,'',320,2,'bety',0,NULL),
  (508,'Mundo','2006-09-11','2006-09-11','',2858.00,0.00,2858.00,1,2,'',321,2,'bety',0,NULL),
  (509,'Alejandro','2006-09-11','2006-09-11','',6482.00,0.00,6482.00,1,2,'',322,2,'bety',0,NULL),
  (510,'celestino','2006-09-11','2006-09-11','',4647.50,0.00,4647.50,1,2,'',323,2,'bety',0,NULL);

COMMIT;

